Compiler version,clang version 12.0.0 (https://github.com/llvm/llvm-project.git 0e9e06a6d4c5e0f267fffe7ec3e0c8e8b22ae46b)
Compiler flags,--target=riscv64 -O2 --target=riscv64  -march=rv64imafdc -mabi=lp64d --gcc-toolchain=/root/EternalBalance/runtimes/riscv64/ -B/root/EternalBalance/runtimes/riscv64/riscv64-unknown-elf/bin/

Date,2020-08-08

OpenTCP-1.0.4,arp.c.obj,4798
OpenTCP-1.0.4,bootp.c.obj,1612
OpenTCP-1.0.4,dhcpc.c.obj,3232
OpenTCP-1.0.4,dns.c.obj,1676
OpenTCP-1.0.4,ethernet.c.obj,1526
OpenTCP-1.0.4,https_callbacks.c.obj,712
OpenTCP-1.0.4,http_server.c.obj,2422
OpenTCP-1.0.4,icmp.c.obj,420
OpenTCP-1.0.4,ip.c.obj,3770
OpenTCP-1.0.4,main_demo.c.obj,350
OpenTCP-1.0.4,pop3c_callbacks.c.obj,22
OpenTCP-1.0.4,pop3_client.c.obj,7203
OpenTCP-1.0.4,smtpc_callbacks.c.obj,28
OpenTCP-1.0.4,smtp_client.c.obj,4196
OpenTCP-1.0.4,system.c.obj,1700
OpenTCP-1.0.4,tcp_client_demo.c.obj,678
OpenTCP-1.0.4,tcp.c.obj,8960
OpenTCP-1.0.4,tcp_server_demo.c.obj,658
OpenTCP-1.0.4,tftps.c.obj,1454
OpenTCP-1.0.4,timers.c.obj,266
OpenTCP-1.0.4,udp.c.obj,1920
OpenTCP-1.0.4,udp_demo.c.obj,524
mpeg2dec-0.3.1,alloc.c.obj,112
mpeg2dec-0.3.1,cpu_accel.c.obj,6
mpeg2dec-0.3.1,cpu_state.c.obj,4
mpeg2dec-0.3.1,decode.c.obj,2836
mpeg2dec-0.3.1,extract_mpeg2.c.obj,3836
mpeg2dec-0.3.1,getopt.c.obj,3292
mpeg2dec-0.3.1,gettimeofday.c.obj,2
mpeg2dec-0.3.1,header.c.obj,3922
mpeg2dec-0.3.1,idct_alpha.c.obj,2
mpeg2dec-0.3.1,idct_altivec.c.obj,2
mpeg2dec-0.3.1,idct.c.obj,2070
mpeg2dec-0.3.1,idct_mlib.c.obj,2
mpeg2dec-0.3.1,idct_mmx.c.obj,2
mpeg2dec-0.3.1,motion_comp_alpha.c.obj,2
mpeg2dec-0.3.1,motion_comp_altivec.c.obj,2
mpeg2dec-0.3.1,motion_comp.c.obj,6366
mpeg2dec-0.3.1,motion_comp_mlib.c.obj,2
mpeg2dec-0.3.1,motion_comp_mmx.c.obj,2
mpeg2dec-0.3.1,mpeg2dec.c.obj,5174
mpeg2dec-0.3.1,slice.c.obj,16682
mpeg2dec-0.3.1,video_out.c.obj,70
mpeg2dec-0.3.1,video_out_dx.c.obj,2
mpeg2dec-0.3.1,video_out_null.c.obj,360
mpeg2dec-0.3.1,video_out_pgm.c.obj,763
mpeg2dec-0.3.1,video_out_sdl.c.obj,833
mpeg2dec-0.3.1,video_out_x11.c.obj,2
mpeg2dec-0.3.1,yuv2rgb.c.obj,5102
mpeg2dec-0.3.1,yuv2rgb_mlib.c.obj,2
mpeg2dec-0.3.1,yuv2rgb_mmx.c.obj,2
jikespg-1.3,ctabs.c.obj,50956
jikespg-1.3,globals.c.obj,58
jikespg-1.3,lpgparse.c.obj,55875
jikespg-1.3,lpgutil.c.obj,6585
jikespg-1.3,main.c.obj,7241
jikespg-1.3,mkfirst.c.obj,17126
jikespg-1.3,mkred.c.obj,7563
jikespg-1.3,mkstates.c.obj,3183
jikespg-1.3,partset.c.obj,1970
jikespg-1.3,prntstat.c.obj,3638
jikespg-1.3,produce.c.obj,12721
jikespg-1.3,ptables.c.obj,3805
jikespg-1.3,remsp.c.obj,9026
jikespg-1.3,resolve.c.obj,14554
jikespg-1.3,spacetab.c.obj,22839
jikespg-1.3,tabutil.c.obj,22483
jikespg-1.3,timetab.c.obj,10842
libpng-1.2.5,png2pnm.c.obj,3079
libpng-1.2.5,png.c.obj,3071
libpng-1.2.5,pngerror.c.obj,2005
libpng-1.2.5,pngget.c.obj,2438
libpng-1.2.5,pngmem.c.obj,663
libpng-1.2.5,pngpread.c.obj,9099
libpng-1.2.5,pngread.c.obj,9856
libpng-1.2.5,pngrio.c.obj,321
libpng-1.2.5,pngrtran.c.obj,18952
libpng-1.2.5,pngrutil.c.obj,17428
libpng-1.2.5,pngset.c.obj,6099
libpng-1.2.5,pngtest.c.obj,7262
libpng-1.2.5,pngtrans.c.obj,2028
libpng-1.2.5,pngwio.c.obj,357
libpng-1.2.5,pngwrite.c.obj,7561
libpng-1.2.5,pngwtran.c.obj,1850
libpng-1.2.5,pngwutil.c.obj,17007
libpng-1.2.5,pnm2png.c.obj,5165
compiler,cg.c.obj,6087
compiler,main.c.obj,5944
compiler,parser.c.obj,6482
compiler,scanner.c.obj,4349
compiler,vam.c.obj,5946
compiler,vas.c.obj,7346
zlib-1.1.4,adler32.c.obj,348
zlib-1.1.4,compress.c.obj,268
zlib-1.1.4,crc32.c.obj,2330
zlib-1.1.4,deflate.c.obj,7398
zlib-1.1.4,example.c.obj,4877
zlib-1.1.4,gzio.c.obj,5917
zlib-1.1.4,infblock.c.obj,3446
zlib-1.1.4,infcodes.c.obj,2018
zlib-1.1.4,inffast.c.obj,996
zlib-1.1.4,inflate.c.obj,1993
zlib-1.1.4,inftrees.c.obj,2733
zlib-1.1.4,infutil.c.obj,332
zlib-1.1.4,minigzip.c.obj,1611
zlib-1.1.4,trees.c.obj,9606
zlib-1.1.4,uncompr.c.obj,140
zlib-1.1.4,zutil.c.obj,187
mpgcut-1.1,mpgcut.c.obj,17457
libmspack,cabc.c.obj,8
libmspack,cabd.c.obj,6004
libmspack,cabd_md5.c.obj,1341
libmspack,cabd_test.c.obj,12078
libmspack,cabextract_md5.c.obj,28635
libmspack,cabrip.c.obj,509
libmspack,chmc.c.obj,8
libmspack,chmd.c.obj,4530
libmspack,chmd_md5.c.obj,1164
libmspack,hlpc.c.obj,8
libmspack,hlpd.c.obj,8
libmspack,kwajc.c.obj,8
libmspack,kwajd.c.obj,8
libmspack,litc.c.obj,8
libmspack,litd.c.obj,8
libmspack,lzxc.c.obj,2
libmspack,lzxd.c.obj,8562
libmspack,md5.c.obj,4580
libmspack,mszipc.c.obj,2
libmspack,mszipd.c.obj,20
libmspack,qtmc.c.obj,2
libmspack,qtmd.c.obj,5504
libmspack,system.c.obj,650
libmspack,szddc.c.obj,8
libmspack,szddd.c.obj,8
lwip-0.5.3.preproc,api_lib.o,5283
lwip-0.5.3.preproc,api_msg.o,4552
lwip-0.5.3.preproc,arp.o,2464
lwip-0.5.3.preproc,err.o,32
lwip-0.5.3.preproc,fs.o,39901
lwip-0.5.3.preproc,httpd.o,1698
lwip-0.5.3.preproc,icmp.o,1653
lwip-0.5.3.preproc,inet.o,985
lwip-0.5.3.preproc,ip_addr.o,32
lwip-0.5.3.preproc,ip.o,3045
lwip-0.5.3.preproc,loopif.o,356
lwip-0.5.3.preproc,mem.o,2270
lwip-0.5.3.preproc,memp.o,2407
lwip-0.5.3.preproc,netif.o,858
lwip-0.5.3.preproc,pbuf.o,3470
lwip-0.5.3.preproc,shell.o,13864
lwip-0.5.3.preproc,simhost.o,794
lwip-0.5.3.preproc,simnode.o,727
lwip-0.5.3.preproc,simrouter.o,922
lwip-0.5.3.preproc,sockets.o,2796
lwip-0.5.3.preproc,stats.o,116
lwip-0.5.3.preproc,sys.o,1088
lwip-0.5.3.preproc,tcpdump.o,2052
lwip-0.5.3.preproc,tcpecho.o,374
lwip-0.5.3.preproc,tcp_input.o,10879
lwip-0.5.3.preproc,tcpip.o,764
lwip-0.5.3.preproc,tcp.o,6888
lwip-0.5.3.preproc,tcp_output.o,5726
lwip-0.5.3.preproc,udpecho.o,447
lwip-0.5.3.preproc,udp.o,2661
replaypc-0.4.0.preproc,addressbook.o,1240
replaypc-0.4.0.preproc,bigfile.o,732
replaypc-0.4.0.preproc,build-ndx.o,1062
replaypc-0.4.0.preproc,cg.o,3718
replaypc-0.4.0.preproc,channelset.o,428
replaypc-0.4.0.preproc,crypt.o,1515
replaypc-0.4.0.preproc,crypt-test.o,1991
replaypc-0.4.0.preproc,dump-addressbook.o,840
replaypc-0.4.0.preproc,dump-cg2.o,786
replaypc-0.4.0.preproc,dump-channelset.o,672
replaypc-0.4.0.preproc,dump-filedarray.o,885
replaypc-0.4.0.preproc,dump-guide.o,1023
replaypc-0.4.0.preproc,dump-headend.o,643
replaypc-0.4.0.preproc,dump.o,2786
replaypc-0.4.0.preproc,dump-programset.o,1065
replaypc-0.4.0.preproc,dump-replaychannels.o,579
replaypc-0.4.0.preproc,dump-replayshows.o,572
replaypc-0.4.0.preproc,dump-zipcode2.o,572
replaypc-0.4.0.preproc,filedarray.o,472
replaypc-0.4.0.preproc,find-GOPs.o,588
replaypc-0.4.0.preproc,guideclient.o,1250
replaypc-0.4.0.preproc,guide.o,10492
replaypc-0.4.0.preproc,headend.o,1450
replaypc-0.4.0.preproc,httpclient.o,4741
replaypc-0.4.0.preproc,httpfsclient.o,4014
replaypc-0.4.0.preproc,httpfs.o,9758
replaypc-0.4.0.preproc,mark-commercial.o,2802
replaypc-0.4.0.preproc,ndx-dump.o,5790
replaypc-0.4.0.preproc,ndx.o,949
replaypc-0.4.0.preproc,program.o,3049
replaypc-0.4.0.preproc,rddnsclient.o,1977
replaypc-0.4.0.preproc,rddns.o,1014
replaypc-0.4.0.preproc,ReplayPC.o,6312
replaypc-0.4.0.preproc,rtvguide.o,2115
replaypc-0.4.0.preproc,rtv.o,1887
replaypc-0.4.0.preproc,sleep.o,126
replaypc-0.4.0.preproc,un-protect.o,1753
replaypc-0.4.0.preproc,version-test.o,321
replaypc-0.4.0.preproc,zipcode.o,663
cg_compiler_opensrc,atom.c.obj,5172
cg_compiler_opensrc,binding.c.obj,2979
cg_compiler_opensrc,cgcmain.c.obj,2543
cg_compiler_opensrc,cgstruct.c.obj,96
cg_compiler_opensrc,check.c.obj,3483
cg_compiler_opensrc,compile.c.obj,15309
cg_compiler_opensrc,constfold.c.obj,3396
cg_compiler_opensrc,cpp.c.obj,7284
cg_compiler_opensrc,generic_hal.c.obj,1771
cg_compiler_opensrc,hal.c.obj,2511
cg_compiler_opensrc,inline.c.obj,3116
cg_compiler_opensrc,memory.c.obj,1070
cg_compiler_opensrc,parser.c.obj,15861
cg_compiler_opensrc,printutils.c.obj,12970
cg_compiler_opensrc,scanner.c.obj,6631
cg_compiler_opensrc,semantic.c.obj,4534
cg_compiler_opensrc,stdlib.c.obj,12
cg_compiler_opensrc,support.c.obj,27895
cg_compiler_opensrc,support_iter.c.obj,2062
cg_compiler_opensrc,symbols.c.obj,12781
cg_compiler_opensrc,tokenize.c.obj,706
cg_compiler_opensrc,tokens.c.obj,4327
flex-2.5.31,buf.c.obj,1467
flex-2.5.31,ccl.c.obj,1076
flex-2.5.31,dfa.c.obj,8086
flex-2.5.31,ecs.c.obj,684
flex-2.5.31,filter.c.obj,2491
flex-2.5.31,gen.c.obj,43392
flex-2.5.31,libmain.c.obj,24
flex-2.5.31,libyywrap.c.obj,6
flex-2.5.31,main.c.obj,19008
flex-2.5.31,misc.c.obj,9365
flex-2.5.31,nfa.c.obj,5112
flex-2.5.31,options.c.obj,1232
flex-2.5.31,parse.c.obj,13998
flex-2.5.31,regex.c.obj,863
flex-2.5.31,scan.c.obj,49402
flex-2.5.31,scanopt.c.obj,3792
flex-2.5.31,skel.c.obj,79804
flex-2.5.31,sym.c.obj,1565
flex-2.5.31,tables.c.obj,3233
flex-2.5.31,tables_shared.c.obj,32
flex-2.5.31,tblcmp.c.obj,6332
flex-2.5.31,yylex.c.obj,1052
unrarlib-0.4.0,getfile.c.obj,939
unrarlib-0.4.0,listarchive.c.obj,1092
unrarlib-0.4.0,unrarlib.c.obj,19231
jpeg-6b,ansi2knr.c.obj,4022
jpeg-6b,cdjpeg.c.obj,112
jpeg-6b,cjpeg.c.obj,6111
jpeg-6b,ckconfig.c.obj,2434
jpeg-6b,djpeg.c.obj,6763
jpeg-6b,jcapimin.c.obj,814
jpeg-6b,jcapistd.c.obj,466
jpeg-6b,jccoefct.c.obj,1950
jpeg-6b,jccolor.c.obj,1610
jpeg-6b,jcdctmgr.c.obj,1778
jpeg-6b,jchuff.c.obj,5588
jpeg-6b,jcinit.c.obj,190
jpeg-6b,jcmainct.c.obj,420
jpeg-6b,jcmarker.c.obj,5998
jpeg-6b,jcmaster.c.obj,2876
jpeg-6b,jcomapi.c.obj,138
jpeg-6b,jcparam.c.obj,4142
jpeg-6b,jcphuff.c.obj,7032
jpeg-6b,jcprepct.c.obj,1562
jpeg-6b,jcsample.c.obj,2602
jpeg-6b,jctrans.c.obj,1696
jpeg-6b,jdapimin.c.obj,1000
jpeg-6b,jdapistd.c.obj,934
jpeg-6b,jdatadst.c.obj,306
jpeg-6b,jdatasrc.c.obj,438
jpeg-6b,jdcoefct.c.obj,3448
jpeg-6b,jdcolor.c.obj,1350
jpeg-6b,jddctmgr.c.obj,1072
jpeg-6b,jdhuff.c.obj,2804
jpeg-6b,jdinput.c.obj,1376
jpeg-6b,jdmainct.c.obj,1496
jpeg-6b,jdmarker.c.obj,6864
jpeg-6b,jdmaster.c.obj,1886
jpeg-6b,jdmerge.c.obj,1468
jpeg-6b,jdphuff.c.obj,3306
jpeg-6b,jdpostct.c.obj,802
jpeg-6b,jdsample.c.obj,2052
jpeg-6b,jdtrans.c.obj,330
jpeg-6b,jerror.c.obj,6006
jpeg-6b,jfdctflt.c.obj,500
jpeg-6b,jfdctfst.c.obj,482
jpeg-6b,jfdctint.c.obj,592
jpeg-6b,jidctflt.c.obj,902
jpeg-6b,jidctfst.c.obj,996
jpeg-6b,jidctint.c.obj,1140
jpeg-6b,jidctred.c.obj,1348
jpeg-6b,jmemmgr.c.obj,4424
jpeg-6b,jmemnobs.c.obj,64
jpeg-6b,jpegtran.c.obj,4388
jpeg-6b,jquant1.c.obj,3150
jpeg-6b,jquant2.c.obj,5354
jpeg-6b,jutils.c.obj,468
jpeg-6b,rdbmp.c.obj,2304
jpeg-6b,rdcolmap.c.obj,1468
jpeg-6b,rdgif.c.obj,101
jpeg-6b,rdjpgcom.c.obj,2843
jpeg-6b,rdppm.c.obj,1896
jpeg-6b,rdrle.c.obj,2
jpeg-6b,rdswitch.c.obj,2906
jpeg-6b,rdtarga.c.obj,1978
jpeg-6b,transupp.c.obj,6872
jpeg-6b,wrbmp.c.obj,1956
jpeg-6b,wrgif.c.obj,2024
jpeg-6b,wrjpgcom.c.obj,3613
jpeg-6b,wrppm.c.obj,624
jpeg-6b,wrrle.c.obj,2
jpeg-6b,wrtarga.c.obj,986
bzip2-1.0.2,blocksort.c.obj,7315
bzip2-1.0.2,bzip2.c.obj,20475
bzip2-1.0.2,bzip2recover.c.obj,5789
bzip2-1.0.2,bzlib.c.obj,12499
bzip2-1.0.2,compress.c.obj,15607
bzip2-1.0.2,crctable.c.obj,2
bzip2-1.0.2,decompress.c.obj,11649
bzip2-1.0.2,huffman.c.obj,1886
bzip2-1.0.2,randtable.c.obj,2
teem-1.6.0-src,1op.c.obj,1801
teem-1.6.0-src,2op.c.obj,2320
teem-1.6.0-src,3op.c.obj,2452
teem-1.6.0-src,754.c.obj,3189
teem-1.6.0-src,about.c.obj,3351
teem-1.6.0-src,accessors.c.obj,4971
teem-1.6.0-src,aniso.c.obj,3321
teem-1.6.0-src,apply1D.c.obj,8632
teem-1.6.0-src,arith.c.obj,5657
teem-1.6.0-src,array.c.obj,710
teem-1.6.0-src,arraysNrrd.c.obj,2
teem-1.6.0-src,ax.c.obj,2331
teem-1.6.0-src,axdelete.c.obj,1574
teem-1.6.0-src,axinfo.c.obj,1525
teem-1.6.0-src,axinsert.c.obj,1231
teem-1.6.0-src,axis.c.obj,2414
teem-1.6.0-src,axmerge.c.obj,1525
teem-1.6.0-src,axsplit.c.obj,1236
teem-1.6.0-src,bday.c.obj,1186
teem-1.6.0-src,biff.c.obj,5597
teem-1.6.0-src,bimod.c.obj,5717
teem-1.6.0-src,block.c.obj,1224
teem-1.6.0-src,bounds.c.obj,3757
teem-1.6.0-src,bow.c.obj,668
teem-1.6.0-src,cam.c.obj,3778
teem-1.6.0-src,ccadj.c.obj,1277
teem-1.6.0-src,cc.c.obj,10938
teem-1.6.0-src,ccfind.c.obj,1865
teem-1.6.0-src,ccmerge.c.obj,2781
teem-1.6.0-src,ccmethods.c.obj,1682
teem-1.6.0-src,ccsettle.c.obj,1178
teem-1.6.0-src,chan.c.obj,8799
teem-1.6.0-src,clip.c.obj,903
teem-1.6.0-src,cmedian.c.obj,2666
teem-1.6.0-src,color.c.obj,6904
teem-1.6.0-src,comment.c.obj,655
teem-1.6.0-src,conv.c.obj,486
teem-1.6.0-src,convert.c.obj,1264
teem-1.6.0-src,convertDye.c.obj,3320
teem-1.6.0-src,convertNrrd.c.obj,3326
teem-1.6.0-src,convo.c.obj,2011
teem-1.6.0-src,coreAlan.c.obj,4365
teem-1.6.0-src,crop.c.obj,1564
teem-1.6.0-src,ctx.c.obj,5404
teem-1.6.0-src,cubicEll.c.obj,1128
teem-1.6.0-src,data.c.obj,1374
teem-1.6.0-src,defaultsBane.c.obj,7
teem-1.6.0-src,defaultsGage.c.obj,7
teem-1.6.0-src,defaultsHest.c.obj,2
teem-1.6.0-src,defaultsHoover.c.obj,9
teem-1.6.0-src,defaultsLimn.c.obj,7
teem-1.6.0-src,defaultsMite.c.obj,7
teem-1.6.0-src,defaultsMoss.c.obj,7
teem-1.6.0-src,defaultsNrrd.c.obj,709
teem-1.6.0-src,defaultsTen.c.obj,18
teem-1.6.0-src,dehex.c.obj,963
teem-1.6.0-src,dhisto.c.obj,1442
teem-1.6.0-src,dice.c.obj,2042
teem-1.6.0-src,dio.c.obj,1860
teem-1.6.0-src,doubleprint.c.obj,702
teem-1.6.0-src,eigen.c.obj,2532
teem-1.6.0-src,encodingAscii.c.obj,1895
teem-1.6.0-src,encodingBzip2.c.obj,694
teem-1.6.0-src,encoding.c.obj,820
teem-1.6.0-src,encodingGzip.c.obj,755
teem-1.6.0-src,encodingHex.c.obj,1796
teem-1.6.0-src,encodingRaw.c.obj,2290
teem-1.6.0-src,endianAir.c.obj,6
teem-1.6.0-src,endianNrrd.c.obj,501
teem-1.6.0-src,enhex.c.obj,859
teem-1.6.0-src,enum.c.obj,1234
teem-1.6.0-src,enumsAlan.c.obj,2
teem-1.6.0-src,enumsEcho.c.obj,2
teem-1.6.0-src,enumsNrrd.c.obj,2
teem-1.6.0-src,enumsTen.c.obj,2
teem-1.6.0-src,env.c.obj,1300
teem-1.6.0-src,epireg.c.obj,15017
teem-1.6.0-src,ex0.c.obj,715
teem-1.6.0-src,ex1.c.obj,1585
teem-1.6.0-src,ex2.c.obj,1070
teem-1.6.0-src,ex3.c.obj,1716
teem-1.6.0-src,ex4.c.obj,1126
teem-1.6.0-src,ex5.c.obj,879
teem-1.6.0-src,fiber.c.obj,4024
teem-1.6.0-src,fiberMethods.c.obj,2941
teem-1.6.0-src,filt.c.obj,6614
teem-1.6.0-src,filter.c.obj,3453
teem-1.6.0-src,flip.c.obj,930
teem-1.6.0-src,floatprint.c.obj,718
teem-1.6.0-src,flotsam.c.obj,3355
teem-1.6.0-src,format.c.obj,934
teem-1.6.0-src,formatEPS.c.obj,2607
teem-1.6.0-src,formatNRRD.c.obj,4592
teem-1.6.0-src,formatPNG.c.obj,920
teem-1.6.0-src,formatPNM.c.obj,3531
teem-1.6.0-src,formatText.c.obj,3316
teem-1.6.0-src,formatVTK.c.obj,6291
teem-1.6.0-src,fp.c.obj,1798
teem-1.6.0-src,gamma.c.obj,1456
teem-1.6.0-src,genmat.c.obj,3419
teem-1.6.0-src,genvol.c.obj,1851
teem-1.6.0-src,gkmsFlotsam.c.obj,2639
teem-1.6.0-src,gkmsHvol.c.obj,2946
teem-1.6.0-src,gkmsInfo.c.obj,1423
teem-1.6.0-src,gkmsMite.c.obj,1262
teem-1.6.0-src,gkmsOpac.c.obj,3359
teem-1.6.0-src,gkmsPvg.c.obj,2744
teem-1.6.0-src,gkmsScat.c.obj,1668
teem-1.6.0-src,gkmsTxf.c.obj,2924
teem-1.6.0-src,glyph.c.obj,5001
teem-1.6.0-src,gzio.c.obj,2
teem-1.6.0-src,head.c.obj,1580
teem-1.6.0-src,heq.c.obj,2197
teem-1.6.0-src,hestLimn.c.obj,1082
teem-1.6.0-src,hestMoss.c.obj,1254
teem-1.6.0-src,hestNrrd.c.obj,1397
teem-1.6.0-src,histax.c.obj,1451
teem-1.6.0-src,histo.c.obj,1628
teem-1.6.0-src,histogram.c.obj,6815
teem-1.6.0-src,hvol.c.obj,7179
teem-1.6.0-src,imap.c.obj,2626
teem-1.6.0-src,inc.c.obj,2781
teem-1.6.0-src,inset.c.obj,1503
teem-1.6.0-src,intx.c.obj,8760
teem-1.6.0-src,invert.c.obj,350
teem-1.6.0-src,io.c.obj,447
teem-1.6.0-src,iter.c.obj,783
teem-1.6.0-src,jhisto.c.obj,2723
teem-1.6.0-src,join.c.obj,1578
teem-1.6.0-src,kernel.c.obj,15787
teem-1.6.0-src,keyvalue.c.obj,1559
teem-1.6.0-src,kv.c.obj,439
teem-1.6.0-src,light.c.obj,544
teem-1.6.0-src,lightEcho.c.obj,605
teem-1.6.0-src,list.c.obj,1386
teem-1.6.0-src,lut.c.obj,2197
teem-1.6.0-src,make.c.obj,6982
teem-1.6.0-src,map.c.obj,5399
teem-1.6.0-src,mat.c.obj,12470
teem-1.6.0-src,matter.c.obj,342
teem-1.6.0-src,measr.c.obj,316
teem-1.6.0-src,measure.c.obj,9218
teem-1.6.0-src,methodsAlan.c.obj,2574
teem-1.6.0-src,methodsBane.c.obj,797
teem-1.6.0-src,methodsDye.c.obj,1654
teem-1.6.0-src,methodsEcho.c.obj,705
teem-1.6.0-src,methodsHest.c.obj,3212
teem-1.6.0-src,methodsHoover.c.obj,1654
teem-1.6.0-src,methodsLimn.c.obj,300
teem-1.6.0-src,methodsMoss.c.obj,1378
teem-1.6.0-src,methodsNrrd.c.obj,5619
teem-1.6.0-src,minmax.c.obj,1254
teem-1.6.0-src,miscAir.c.obj,3981
teem-1.6.0-src,miscEll.c.obj,937
teem-1.6.0-src,miscGage.c.obj,733
teem-1.6.0-src,miscTen.c.obj,4071
teem-1.6.0-src,mod.c.obj,3663
teem-1.6.0-src,model.c.obj,1386
teem-1.6.0-src,mop.c.obj,1937
teem-1.6.0-src,obj.c.obj,1184
teem-1.6.0-src,objmethods.c.obj,1318
teem-1.6.0-src,opac.c.obj,614
teem-1.6.0-src,pad.c.obj,1928
teem-1.6.0-src,parseAir.c.obj,1896
teem-1.6.0-src,parseHest.c.obj,14586
teem-1.6.0-src,parseNrrd.c.obj,8132
teem-1.6.0-src,permute.c.obj,1141
teem-1.6.0-src,pos.c.obj,693
teem-1.6.0-src,print.c.obj,6667
teem-1.6.0-src,project.c.obj,2001
teem-1.6.0-src,pvl.c.obj,1829
teem-1.6.0-src,qn.c.obj,2129
teem-1.6.0-src,quadvol.c.obj,1647
teem-1.6.0-src,quantize.c.obj,1742
teem-1.6.0-src,quat.c.obj,13452
teem-1.6.0-src,rangeBane.c.obj,985
teem-1.6.0-src,range.c.obj,688
teem-1.6.0-src,ray.c.obj,2810
teem-1.6.0-src,rays.c.obj,2643
teem-1.6.0-src,read.c.obj,3440
teem-1.6.0-src,renderEcho.c.obj,5172
teem-1.6.0-src,renderLimn.c.obj,3531
teem-1.6.0-src,renderMite.c.obj,1355
teem-1.6.0-src,reorder.c.obj,11122
teem-1.6.0-src,resample.c.obj,3552
teem-1.6.0-src,resampleNrrd.c.obj,7150
teem-1.6.0-src,reshape.c.obj,1096
teem-1.6.0-src,rmap.c.obj,2637
teem-1.6.0-src,sampler.c.obj,2515
teem-1.6.0-src,sane.c.obj,3065
teem-1.6.0-src,save.c.obj,3134
teem-1.6.0-src,scat.c.obj,903
teem-1.6.0-src,sclanswer.c.obj,4607
teem-1.6.0-src,scl.c.obj,2
teem-1.6.0-src,sclfilter.c.obj,8277
teem-1.6.0-src,sclprint.c.obj,1001
teem-1.6.0-src,set.c.obj,584
teem-1.6.0-src,shape.c.obj,4072
teem-1.6.0-src,shapes.c.obj,4242
teem-1.6.0-src,shuffle.c.obj,1814
teem-1.6.0-src,sigma.c.obj,209
teem-1.6.0-src,simple.c.obj,5168
teem-1.6.0-src,slice.c.obj,1409
teem-1.6.0-src,soid.c.obj,3619
teem-1.6.0-src,sort3.c.obj,694
teem-1.6.0-src,splice.c.obj,1545
teem-1.6.0-src,splineEval.c.obj,4957
teem-1.6.0-src,splineMethods.c.obj,5449
teem-1.6.0-src,splineMisc.c.obj,2758
teem-1.6.0-src,sqd.c.obj,4777
teem-1.6.0-src,st.c.obj,3421
teem-1.6.0-src,string.c.obj,1682
teem-1.6.0-src,strings.c.obj,1405
teem-1.6.0-src,stub.c.obj,44
teem-1.6.0-src,subset.c.obj,3026
teem-1.6.0-src,superset.c.obj,5312
teem-1.6.0-src,swap.c.obj,971
teem-1.6.0-src,tbc.c.obj,1798
teem-1.6.0-src,tblah.c.obj,1337
teem-1.6.0-src,tcamanim.c.obj,3519
teem-1.6.0-src,tcam.c.obj,1262
teem-1.6.0-src,tem.c.obj,1076
teem-1.6.0-src,tendAnhist.c.obj,1303
teem-1.6.0-src,tendAnplot.c.obj,1783
teem-1.6.0-src,tendAnscale.c.obj,1527
teem-1.6.0-src,tendAnvol.c.obj,1619
teem-1.6.0-src,tendBmat.c.obj,1447
teem-1.6.0-src,tendEllipse.c.obj,2555
teem-1.6.0-src,tendEpireg.c.obj,4728
teem-1.6.0-src,tendEstim.c.obj,4021
teem-1.6.0-src,tendEvaladd.c.obj,1098
teem-1.6.0-src,tendEvalclamp.c.obj,1392
teem-1.6.0-src,tendEval.c.obj,1916
teem-1.6.0-src,tendEvalpow.c.obj,1009
teem-1.6.0-src,tendEvec.c.obj,1942
teem-1.6.0-src,tendEvecrgb.c.obj,2057
teem-1.6.0-src,tendEvq.c.obj,2323
teem-1.6.0-src,tendExpand.c.obj,1570
teem-1.6.0-src,tendFiber.c.obj,2786
teem-1.6.0-src,tendFlotsam.c.obj,1723
teem-1.6.0-src,tendGlyph.c.obj,6990
teem-1.6.0-src,tendMake.c.obj,1075
teem-1.6.0-src,tendNorm.c.obj,1417
teem-1.6.0-src,tendPoint.c.obj,1792
teem-1.6.0-src,tendSatin.c.obj,4722
teem-1.6.0-src,tendShrink.c.obj,1056
teem-1.6.0-src,tendSim.c.obj,1484
teem-1.6.0-src,tendSlice.c.obj,1153
teem-1.6.0-src,tendSten.c.obj,1486
teem-1.6.0-src,tenGage.c.obj,2835
teem-1.6.0-src,tensor.c.obj,6172
teem-1.6.0-src,test.c.obj,1092
teem-1.6.0-src,tg.c.obj,2107
teem-1.6.0-src,threadAir.c.obj,1979
teem-1.6.0-src,thread.c.obj,330
teem-1.6.0-src,tinfo.c.obj,623
teem-1.6.0-src,tkernel.c.obj,1759
teem-1.6.0-src,tline.c.obj,484
teem-1.6.0-src,tmfKernel.c.obj,107459
teem-1.6.0-src,tmop.c.obj,767
teem-1.6.0-src,tok.c.obj,360
teem-1.6.0-src,tps.c.obj,2622
teem-1.6.0-src,tq.c.obj,4539
teem-1.6.0-src,trand.c.obj,203
teem-1.6.0-src,transform.c.obj,2623
teem-1.6.0-src,tread.c.obj,350
teem-1.6.0-src,trend.c.obj,8707
teem-1.6.0-src,trex.c.obj,418
teem-1.6.0-src,trnsf.c.obj,4949
teem-1.6.0-src,tspline.c.obj,2189
teem-1.6.0-src,tspot.c.obj,1087
teem-1.6.0-src,tt.c.obj,2336
teem-1.6.0-src,txf.c.obj,4145
teem-1.6.0-src,typestest.c.obj,494
teem-1.6.0-src,unblock.c.obj,1254
teem-1.6.0-src,unquantize.c.obj,1251
teem-1.6.0-src,update.c.obj,6076
teem-1.6.0-src,usage.c.obj,3926
teem-1.6.0-src,user.c.obj,1049
teem-1.6.0-src,valid.c.obj,2618
teem-1.6.0-src,vecEll.c.obj,1118
teem-1.6.0-src,vecGage.c.obj,2698
teem-1.6.0-src,vecprint.c.obj,66
teem-1.6.0-src,winKernel.c.obj,11834
teem-1.6.0-src,write.c.obj,5278
teem-1.6.0-src,xform.c.obj,3394
ttt-0.10.1.preproc,connect4.o,7984
ttt-0.10.1.preproc,engine.o,4116
ttt-0.10.1.preproc,main.o,1968
ttt-0.10.1.preproc,parse.o,2457
ttt-0.10.1.preproc,ttt.o,10893
ttt-0.10.1.preproc,util.o,2620
