Compiler version,aarch64-linux-gnu-gcc (Linaro GCC 7.5-2019.12) 7.5.0
Compiler flags,-O2 -mcpu=cortex-a53 --sysroot=/root/EternalBalance/runtimes/sysroot-glibc-linaro-2.25-2019.12-aarch64-linux-gnu -I/root/EternalBalance/runtimes/sysroot-glibc-linaro-2.25-2019.12-aarch64-linux-gnuusr/include/

Date,2020-08-08

OpenTCP-1.0.4,arp.c.obj,2972
OpenTCP-1.0.4,bootp.c.obj,1684
OpenTCP-1.0.4,dhcpc.c.obj,4084
OpenTCP-1.0.4,dns.c.obj,1736
OpenTCP-1.0.4,ethernet.c.obj,1380
OpenTCP-1.0.4,https_callbacks.c.obj,760
OpenTCP-1.0.4,http_server.c.obj,2308
OpenTCP-1.0.4,icmp.c.obj,496
OpenTCP-1.0.4,ip.c.obj,2284
OpenTCP-1.0.4,main_demo.c.obj,304
OpenTCP-1.0.4,pop3c_callbacks.c.obj,100
OpenTCP-1.0.4,pop3_client.c.obj,5205
OpenTCP-1.0.4,smtpc_callbacks.c.obj,116
OpenTCP-1.0.4,smtp_client.c.obj,2852
OpenTCP-1.0.4,system.c.obj,1376
OpenTCP-1.0.4,tcp_client_demo.c.obj,504
OpenTCP-1.0.4,tcp.c.obj,7276
OpenTCP-1.0.4,tcp_server_demo.c.obj,484
OpenTCP-1.0.4,tftps.c.obj,1200
OpenTCP-1.0.4,timers.c.obj,376
OpenTCP-1.0.4,udp.c.obj,1816
OpenTCP-1.0.4,udp_demo.c.obj,324
mpeg2dec-0.3.1,alloc.c.obj,176
mpeg2dec-0.3.1,cpu_accel.c.obj,8
mpeg2dec-0.3.1,cpu_state.c.obj,4
mpeg2dec-0.3.1,decode.c.obj,3072
mpeg2dec-0.3.1,extract_mpeg2.c.obj,5147
mpeg2dec-0.3.1,getopt.c.obj,0
mpeg2dec-0.3.1,gettimeofday.c.obj,0
mpeg2dec-0.3.1,header.c.obj,4564
mpeg2dec-0.3.1,idct_alpha.c.obj,0
mpeg2dec-0.3.1,idct_altivec.c.obj,0
mpeg2dec-0.3.1,idct.c.obj,2368
mpeg2dec-0.3.1,idct_mlib.c.obj,0
mpeg2dec-0.3.1,idct_mmx.c.obj,0
mpeg2dec-0.3.1,motion_comp_alpha.c.obj,0
mpeg2dec-0.3.1,motion_comp_altivec.c.obj,0
mpeg2dec-0.3.1,motion_comp.c.obj,6408
mpeg2dec-0.3.1,motion_comp_mlib.c.obj,0
mpeg2dec-0.3.1,motion_comp_mmx.c.obj,0
mpeg2dec-0.3.1,mpeg2dec.c.obj,6547
mpeg2dec-0.3.1,slice.c.obj,25756
mpeg2dec-0.3.1,video_out.c.obj,104
mpeg2dec-0.3.1,video_out_dx.c.obj,0
mpeg2dec-0.3.1,video_out_null.c.obj,316
mpeg2dec-0.3.1,video_out_pgm.c.obj,697
mpeg2dec-0.3.1,video_out_sdl.c.obj,987
mpeg2dec-0.3.1,video_out_x11.c.obj,0
mpeg2dec-0.3.1,yuv2rgb.c.obj,4740
mpeg2dec-0.3.1,yuv2rgb_mlib.c.obj,0
mpeg2dec-0.3.1,yuv2rgb_mmx.c.obj,0
jikespg-1.3,ctabs.c.obj,55687
jikespg-1.3,globals.c.obj,60
jikespg-1.3,lpgparse.c.obj,56263
jikespg-1.3,lpgutil.c.obj,6901
jikespg-1.3,main.c.obj,6622
jikespg-1.3,mkfirst.c.obj,19207
jikespg-1.3,mkred.c.obj,9063
jikespg-1.3,mkstates.c.obj,3823
jikespg-1.3,partset.c.obj,1919
jikespg-1.3,prntstat.c.obj,4543
jikespg-1.3,produce.c.obj,15024
jikespg-1.3,ptables.c.obj,4164
jikespg-1.3,remsp.c.obj,9747
jikespg-1.3,resolve.c.obj,15554
jikespg-1.3,spacetab.c.obj,25205
jikespg-1.3,tabutil.c.obj,17508
jikespg-1.3,timetab.c.obj,12168
libpng-1.2.5,png2pnm.c.obj,3426
libpng-1.2.5,png.c.obj,3540
libpng-1.2.5,pngerror.c.obj,1220
libpng-1.2.5,pngget.c.obj,3318
libpng-1.2.5,pngmem.c.obj,742
libpng-1.2.5,pngpread.c.obj,8102
libpng-1.2.5,pngread.c.obj,8182
libpng-1.2.5,pngrio.c.obj,374
libpng-1.2.5,pngrtran.c.obj,20714
libpng-1.2.5,pngrutil.c.obj,20715
libpng-1.2.5,pngset.c.obj,7018
libpng-1.2.5,pngtest.c.obj,7265
libpng-1.2.5,pngtrans.c.obj,1736
libpng-1.2.5,pngwio.c.obj,413
libpng-1.2.5,pngwrite.c.obj,7534
libpng-1.2.5,pngwtran.c.obj,2296
libpng-1.2.5,pngwutil.c.obj,15658
libpng-1.2.5,pnm2png.c.obj,3974
compiler,cg.c.obj,4003
compiler,main.c.obj,3742
compiler,parser.c.obj,5698
compiler,scanner.c.obj,4063
compiler,vam.c.obj,7224
compiler,vas.c.obj,6720
zlib-1.1.4,adler32.c.obj,452
zlib-1.1.4,compress.c.obj,222
zlib-1.1.4,crc32.c.obj,2348
zlib-1.1.4,deflate.c.obj,7269
zlib-1.1.4,example.c.obj,5520
zlib-1.1.4,gzio.c.obj,5295
zlib-1.1.4,infblock.c.obj,3494
zlib-1.1.4,infcodes.c.obj,2118
zlib-1.1.4,inffast.c.obj,1144
zlib-1.1.4,inflate.c.obj,2601
zlib-1.1.4,inftrees.c.obj,2776
zlib-1.1.4,infutil.c.obj,372
zlib-1.1.4,minigzip.c.obj,1513
zlib-1.1.4,trees.c.obj,10012
zlib-1.1.4,uncompr.c.obj,214
zlib-1.1.4,zutil.c.obj,229
mpgcut-1.1,mpgcut.c.obj,24508
libmspack,cabc.c.obj,20
libmspack,cabd.c.obj,8293
libmspack,cabd_md5.c.obj,1484
libmspack,cabd_test.c.obj,13023
libmspack,cabextract_md5.c.obj,29704
libmspack,cabrip.c.obj,671
libmspack,chmc.c.obj,20
libmspack,chmd.c.obj,4566
libmspack,chmd_md5.c.obj,1468
libmspack,hlpc.c.obj,20
libmspack,hlpd.c.obj,20
libmspack,kwajc.c.obj,20
libmspack,kwajd.c.obj,20
libmspack,litc.c.obj,20
libmspack,litd.c.obj,20
libmspack,lzxc.c.obj,0
libmspack,lzxd.c.obj,8168
libmspack,md5.c.obj,3796
libmspack,mszipc.c.obj,0
libmspack,mszipd.c.obj,52
libmspack,qtmc.c.obj,0
libmspack,qtmd.c.obj,6280
libmspack,system.c.obj,1067
libmspack,szddc.c.obj,20
libmspack,szddd.c.obj,20
lwip-0.5.3.preproc,api_lib.o,5283
lwip-0.5.3.preproc,api_msg.o,4552
lwip-0.5.3.preproc,arp.o,2464
lwip-0.5.3.preproc,err.o,32
lwip-0.5.3.preproc,fs.o,39901
lwip-0.5.3.preproc,httpd.o,1698
lwip-0.5.3.preproc,icmp.o,1653
lwip-0.5.3.preproc,inet.o,985
lwip-0.5.3.preproc,ip_addr.o,32
lwip-0.5.3.preproc,ip.o,3045
lwip-0.5.3.preproc,loopif.o,356
lwip-0.5.3.preproc,mem.o,2270
lwip-0.5.3.preproc,memp.o,2407
lwip-0.5.3.preproc,netif.o,858
lwip-0.5.3.preproc,pbuf.o,3470
lwip-0.5.3.preproc,shell.o,13864
lwip-0.5.3.preproc,simhost.o,794
lwip-0.5.3.preproc,simnode.o,727
lwip-0.5.3.preproc,simrouter.o,922
lwip-0.5.3.preproc,sockets.o,2796
lwip-0.5.3.preproc,stats.o,116
lwip-0.5.3.preproc,sys.o,1088
lwip-0.5.3.preproc,tcpdump.o,2052
lwip-0.5.3.preproc,tcpecho.o,374
lwip-0.5.3.preproc,tcp_input.o,10879
lwip-0.5.3.preproc,tcpip.o,764
lwip-0.5.3.preproc,tcp.o,6888
lwip-0.5.3.preproc,tcp_output.o,5726
lwip-0.5.3.preproc,udpecho.o,447
lwip-0.5.3.preproc,udp.o,2661
replaypc-0.4.0.preproc,addressbook.o,1240
replaypc-0.4.0.preproc,bigfile.o,732
replaypc-0.4.0.preproc,build-ndx.o,1062
replaypc-0.4.0.preproc,cg.o,3718
replaypc-0.4.0.preproc,channelset.o,428
replaypc-0.4.0.preproc,crypt.o,1515
replaypc-0.4.0.preproc,crypt-test.o,1991
replaypc-0.4.0.preproc,dump-addressbook.o,840
replaypc-0.4.0.preproc,dump-cg2.o,786
replaypc-0.4.0.preproc,dump-channelset.o,672
replaypc-0.4.0.preproc,dump-filedarray.o,885
replaypc-0.4.0.preproc,dump-guide.o,1023
replaypc-0.4.0.preproc,dump-headend.o,643
replaypc-0.4.0.preproc,dump.o,2786
replaypc-0.4.0.preproc,dump-programset.o,1065
replaypc-0.4.0.preproc,dump-replaychannels.o,579
replaypc-0.4.0.preproc,dump-replayshows.o,572
replaypc-0.4.0.preproc,dump-zipcode2.o,572
replaypc-0.4.0.preproc,filedarray.o,472
replaypc-0.4.0.preproc,find-GOPs.o,588
replaypc-0.4.0.preproc,guideclient.o,1250
replaypc-0.4.0.preproc,guide.o,10492
replaypc-0.4.0.preproc,headend.o,1450
replaypc-0.4.0.preproc,httpclient.o,4741
replaypc-0.4.0.preproc,httpfsclient.o,4014
replaypc-0.4.0.preproc,httpfs.o,9758
replaypc-0.4.0.preproc,mark-commercial.o,2802
replaypc-0.4.0.preproc,ndx-dump.o,5790
replaypc-0.4.0.preproc,ndx.o,949
replaypc-0.4.0.preproc,program.o,3049
replaypc-0.4.0.preproc,rddnsclient.o,1977
replaypc-0.4.0.preproc,rddns.o,1014
replaypc-0.4.0.preproc,ReplayPC.o,6312
replaypc-0.4.0.preproc,rtvguide.o,2115
replaypc-0.4.0.preproc,rtv.o,1887
replaypc-0.4.0.preproc,sleep.o,126
replaypc-0.4.0.preproc,un-protect.o,1753
replaypc-0.4.0.preproc,version-test.o,321
replaypc-0.4.0.preproc,zipcode.o,663
cg_compiler_opensrc,atom.c.obj,4834
cg_compiler_opensrc,binding.c.obj,2731
cg_compiler_opensrc,cgcmain.c.obj,2715
cg_compiler_opensrc,cgstruct.c.obj,128
cg_compiler_opensrc,check.c.obj,4311
cg_compiler_opensrc,compile.c.obj,18703
cg_compiler_opensrc,constfold.c.obj,4184
cg_compiler_opensrc,cpp.c.obj,8601
cg_compiler_opensrc,generic_hal.c.obj,2219
cg_compiler_opensrc,hal.c.obj,3396
cg_compiler_opensrc,inline.c.obj,3400
cg_compiler_opensrc,memory.c.obj,932
cg_compiler_opensrc,parser.c.obj,15758
cg_compiler_opensrc,printutils.c.obj,14956
cg_compiler_opensrc,scanner.c.obj,7952
cg_compiler_opensrc,semantic.c.obj,5156
cg_compiler_opensrc,stdlib.c.obj,10
cg_compiler_opensrc,support.c.obj,29797
cg_compiler_opensrc,support_iter.c.obj,2721
cg_compiler_opensrc,symbols.c.obj,8563
cg_compiler_opensrc,tokenize.c.obj,824
cg_compiler_opensrc,tokens.c.obj,3858
flex-2.5.31,buf.c.obj,1524
flex-2.5.31,ccl.c.obj,1300
flex-2.5.31,dfa.c.obj,8646
flex-2.5.31,ecs.c.obj,832
flex-2.5.31,filter.c.obj,2895
flex-2.5.31,gen.c.obj,28862
flex-2.5.31,libmain.c.obj,24
flex-2.5.31,libyywrap.c.obj,8
flex-2.5.31,main.c.obj,19703
flex-2.5.31,misc.c.obj,8158
flex-2.5.31,nfa.c.obj,4935
flex-2.5.31,options.c.obj,1647
flex-2.5.31,parse.c.obj,10976
flex-2.5.31,regex.c.obj,819
flex-2.5.31,scan.c.obj,47363
flex-2.5.31,scanopt.c.obj,4390
flex-2.5.31,skel.c.obj,86191
flex-2.5.31,sym.c.obj,1222
flex-2.5.31,tables.c.obj,2822
flex-2.5.31,tables_shared.c.obj,36
flex-2.5.31,tblcmp.c.obj,5156
flex-2.5.31,yylex.c.obj,1193
unrarlib-0.4.0,getfile.c.obj,884
unrarlib-0.4.0,listarchive.c.obj,1146
unrarlib-0.4.0,unrarlib.c.obj,14880
jpeg-6b,ansi2knr.c.obj,3502
jpeg-6b,cdjpeg.c.obj,268
jpeg-6b,cjpeg.c.obj,6595
jpeg-6b,ckconfig.c.obj,2702
jpeg-6b,djpeg.c.obj,7255
jpeg-6b,jcapimin.c.obj,1124
jpeg-6b,jcapistd.c.obj,704
jpeg-6b,jccoefct.c.obj,2792
jpeg-6b,jccolor.c.obj,1900
jpeg-6b,jcdctmgr.c.obj,1832
jpeg-6b,jchuff.c.obj,5696
jpeg-6b,jcinit.c.obj,244
jpeg-6b,jcmainct.c.obj,572
jpeg-6b,jcmarker.c.obj,2960
jpeg-6b,jcmaster.c.obj,3700
jpeg-6b,jcomapi.c.obj,248
jpeg-6b,jcparam.c.obj,3621
jpeg-6b,jcphuff.c.obj,7188
jpeg-6b,jcprepct.c.obj,1988
jpeg-6b,jcsample.c.obj,2952
jpeg-6b,jctrans.c.obj,1912
jpeg-6b,jdapimin.c.obj,1476
jpeg-6b,jdapistd.c.obj,1340
jpeg-6b,jdatadst.c.obj,456
jpeg-6b,jdatasrc.c.obj,480
jpeg-6b,jdcoefct.c.obj,4604
jpeg-6b,jdcolor.c.obj,1612
jpeg-6b,jddctmgr.c.obj,1004
jpeg-6b,jdhuff.c.obj,3448
jpeg-6b,jdinput.c.obj,1736
jpeg-6b,jdmainct.c.obj,2024
jpeg-6b,jdmarker.c.obj,8112
jpeg-6b,jdmaster.c.obj,2376
jpeg-6b,jdmerge.c.obj,1616
jpeg-6b,jdphuff.c.obj,3864
jpeg-6b,jdpostct.c.obj,1112
jpeg-6b,jdsample.c.obj,2252
jpeg-6b,jdtrans.c.obj,448
jpeg-6b,jerror.c.obj,6531
jpeg-6b,jfdctflt.c.obj,492
jpeg-6b,jfdctfst.c.obj,500
jpeg-6b,jfdctint.c.obj,780
jpeg-6b,jidctflt.c.obj,808
jpeg-6b,jidctfst.c.obj,852
jpeg-6b,jidctint.c.obj,1068
jpeg-6b,jidctred.c.obj,1156
jpeg-6b,jmemmgr.c.obj,4710
jpeg-6b,jmemnobs.c.obj,132
jpeg-6b,jpegtran.c.obj,4611
jpeg-6b,jquant1.c.obj,3740
jpeg-6b,jquant2.c.obj,5364
jpeg-6b,jutils.c.obj,524
jpeg-6b,rdbmp.c.obj,2844
jpeg-6b,rdcolmap.c.obj,1496
jpeg-6b,rdgif.c.obj,97
jpeg-6b,rdjpgcom.c.obj,2749
jpeg-6b,rdppm.c.obj,2380
jpeg-6b,rdrle.c.obj,0
jpeg-6b,rdswitch.c.obj,2720
jpeg-6b,rdtarga.c.obj,2540
jpeg-6b,transupp.c.obj,6376
jpeg-6b,wrbmp.c.obj,2348
jpeg-6b,wrgif.c.obj,1892
jpeg-6b,wrjpgcom.c.obj,3643
jpeg-6b,wrppm.c.obj,847
jpeg-6b,wrrle.c.obj,0
jpeg-6b,wrtarga.c.obj,1176
bzip2-1.0.2,blocksort.c.obj,8246
bzip2-1.0.2,bzip2.c.obj,19909
bzip2-1.0.2,bzip2recover.c.obj,4338
bzip2-1.0.2,bzlib.c.obj,12828
bzip2-1.0.2,compress.c.obj,17622
bzip2-1.0.2,crctable.c.obj,0
bzip2-1.0.2,decompress.c.obj,10037
bzip2-1.0.2,huffman.c.obj,1564
bzip2-1.0.2,randtable.c.obj,0
teem-1.6.0-src,1op.c.obj,1994
teem-1.6.0-src,2op.c.obj,2540
teem-1.6.0-src,3op.c.obj,2709
teem-1.6.0-src,754.c.obj,2123
teem-1.6.0-src,about.c.obj,2883
teem-1.6.0-src,accessors.c.obj,6158
teem-1.6.0-src,aniso.c.obj,3458
teem-1.6.0-src,apply1D.c.obj,9567
teem-1.6.0-src,arith.c.obj,6639
teem-1.6.0-src,array.c.obj,932
teem-1.6.0-src,arraysNrrd.c.obj,0
teem-1.6.0-src,ax.c.obj,2417
teem-1.6.0-src,axdelete.c.obj,1791
teem-1.6.0-src,axinfo.c.obj,1756
teem-1.6.0-src,axinsert.c.obj,1387
teem-1.6.0-src,axis.c.obj,3440
teem-1.6.0-src,axmerge.c.obj,1709
teem-1.6.0-src,axsplit.c.obj,1389
teem-1.6.0-src,bday.c.obj,1305
teem-1.6.0-src,biff.c.obj,3641
teem-1.6.0-src,bimod.c.obj,5693
teem-1.6.0-src,block.c.obj,1331
teem-1.6.0-src,bounds.c.obj,3007
teem-1.6.0-src,bow.c.obj,693
teem-1.6.0-src,cam.c.obj,3735
teem-1.6.0-src,ccadj.c.obj,1409
teem-1.6.0-src,cc.c.obj,14937
teem-1.6.0-src,ccfind.c.obj,2062
teem-1.6.0-src,ccmerge.c.obj,3072
teem-1.6.0-src,ccmethods.c.obj,1879
teem-1.6.0-src,ccsettle.c.obj,1350
teem-1.6.0-src,chan.c.obj,9466
teem-1.6.0-src,clip.c.obj,938
teem-1.6.0-src,cmedian.c.obj,2969
teem-1.6.0-src,color.c.obj,5325
teem-1.6.0-src,comment.c.obj,875
teem-1.6.0-src,conv.c.obj,469
teem-1.6.0-src,convert.c.obj,1388
teem-1.6.0-src,convertDye.c.obj,3331
teem-1.6.0-src,convertNrrd.c.obj,3376
teem-1.6.0-src,convo.c.obj,2392
teem-1.6.0-src,coreAlan.c.obj,4792
teem-1.6.0-src,crop.c.obj,1812
teem-1.6.0-src,ctx.c.obj,6070
teem-1.6.0-src,cubicEll.c.obj,1094
teem-1.6.0-src,data.c.obj,1475
teem-1.6.0-src,defaultsBane.c.obj,5
teem-1.6.0-src,defaultsGage.c.obj,5
teem-1.6.0-src,defaultsHest.c.obj,0
teem-1.6.0-src,defaultsHoover.c.obj,7
teem-1.6.0-src,defaultsLimn.c.obj,5
teem-1.6.0-src,defaultsMite.c.obj,5
teem-1.6.0-src,defaultsMoss.c.obj,5
teem-1.6.0-src,defaultsNrrd.c.obj,756
teem-1.6.0-src,defaultsTen.c.obj,16
teem-1.6.0-src,dehex.c.obj,1090
teem-1.6.0-src,dhisto.c.obj,1610
teem-1.6.0-src,dice.c.obj,2380
teem-1.6.0-src,dio.c.obj,1916
teem-1.6.0-src,doubleprint.c.obj,717
teem-1.6.0-src,eigen.c.obj,2452
teem-1.6.0-src,encodingAscii.c.obj,2169
teem-1.6.0-src,encodingBzip2.c.obj,593
teem-1.6.0-src,encoding.c.obj,735
teem-1.6.0-src,encodingGzip.c.obj,656
teem-1.6.0-src,encodingHex.c.obj,1901
teem-1.6.0-src,encodingRaw.c.obj,2507
teem-1.6.0-src,endianAir.c.obj,4
teem-1.6.0-src,endianNrrd.c.obj,501
teem-1.6.0-src,enhex.c.obj,985
teem-1.6.0-src,enum.c.obj,1312
teem-1.6.0-src,enumsAlan.c.obj,0
teem-1.6.0-src,enumsEcho.c.obj,0
teem-1.6.0-src,enumsNrrd.c.obj,0
teem-1.6.0-src,enumsTen.c.obj,0
teem-1.6.0-src,env.c.obj,1380
teem-1.6.0-src,epireg.c.obj,16805
teem-1.6.0-src,ex0.c.obj,554
teem-1.6.0-src,ex1.c.obj,1454
teem-1.6.0-src,ex2.c.obj,1224
teem-1.6.0-src,ex3.c.obj,1872
teem-1.6.0-src,ex4.c.obj,1309
teem-1.6.0-src,ex5.c.obj,1048
teem-1.6.0-src,fiber.c.obj,3498
teem-1.6.0-src,fiberMethods.c.obj,3287
teem-1.6.0-src,filt.c.obj,8168
teem-1.6.0-src,filter.c.obj,3250
teem-1.6.0-src,flip.c.obj,1059
teem-1.6.0-src,floatprint.c.obj,709
teem-1.6.0-src,flotsam.c.obj,3635
teem-1.6.0-src,format.c.obj,817
teem-1.6.0-src,formatEPS.c.obj,2729
teem-1.6.0-src,formatNRRD.c.obj,4737
teem-1.6.0-src,formatPNG.c.obj,861
teem-1.6.0-src,formatPNM.c.obj,3889
teem-1.6.0-src,formatText.c.obj,3671
teem-1.6.0-src,formatVTK.c.obj,6957
teem-1.6.0-src,fp.c.obj,1720
teem-1.6.0-src,gamma.c.obj,1626
teem-1.6.0-src,genmat.c.obj,3998
teem-1.6.0-src,genvol.c.obj,1743
teem-1.6.0-src,gkmsFlotsam.c.obj,2687
teem-1.6.0-src,gkmsHvol.c.obj,3294
teem-1.6.0-src,gkmsInfo.c.obj,1597
teem-1.6.0-src,gkmsMite.c.obj,1457
teem-1.6.0-src,gkmsOpac.c.obj,3728
teem-1.6.0-src,gkmsPvg.c.obj,3006
teem-1.6.0-src,gkmsScat.c.obj,1939
teem-1.6.0-src,gkmsTxf.c.obj,3265
teem-1.6.0-src,glyph.c.obj,4912
teem-1.6.0-src,gzio.c.obj,0
teem-1.6.0-src,head.c.obj,1962
teem-1.6.0-src,heq.c.obj,2407
teem-1.6.0-src,hestLimn.c.obj,1296
teem-1.6.0-src,hestMoss.c.obj,1405
teem-1.6.0-src,hestNrrd.c.obj,1521
teem-1.6.0-src,histax.c.obj,1649
teem-1.6.0-src,histo.c.obj,1825
teem-1.6.0-src,histogram.c.obj,7919
teem-1.6.0-src,hvol.c.obj,7940
teem-1.6.0-src,imap.c.obj,2916
teem-1.6.0-src,inc.c.obj,2901
teem-1.6.0-src,inset.c.obj,1741
teem-1.6.0-src,intx.c.obj,7779
teem-1.6.0-src,invert.c.obj,383
teem-1.6.0-src,io.c.obj,464
teem-1.6.0-src,iter.c.obj,867
teem-1.6.0-src,jhisto.c.obj,3103
teem-1.6.0-src,join.c.obj,1803
teem-1.6.0-src,kernel.c.obj,15692
teem-1.6.0-src,keyvalue.c.obj,1451
teem-1.6.0-src,kv.c.obj,461
teem-1.6.0-src,light.c.obj,484
teem-1.6.0-src,lightEcho.c.obj,569
teem-1.6.0-src,list.c.obj,1728
teem-1.6.0-src,lut.c.obj,2427
teem-1.6.0-src,make.c.obj,7743
teem-1.6.0-src,map.c.obj,6272
teem-1.6.0-src,mat.c.obj,8664
teem-1.6.0-src,matter.c.obj,388
teem-1.6.0-src,measr.c.obj,326
teem-1.6.0-src,measure.c.obj,10232
teem-1.6.0-src,methodsAlan.c.obj,2752
teem-1.6.0-src,methodsBane.c.obj,696
teem-1.6.0-src,methodsDye.c.obj,1680
teem-1.6.0-src,methodsEcho.c.obj,921
teem-1.6.0-src,methodsHest.c.obj,3681
teem-1.6.0-src,methodsHoover.c.obj,1931
teem-1.6.0-src,methodsLimn.c.obj,420
teem-1.6.0-src,methodsMoss.c.obj,1407
teem-1.6.0-src,methodsNrrd.c.obj,6311
teem-1.6.0-src,minmax.c.obj,1466
teem-1.6.0-src,miscAir.c.obj,4676
teem-1.6.0-src,miscEll.c.obj,956
teem-1.6.0-src,miscGage.c.obj,824
teem-1.6.0-src,miscTen.c.obj,4415
teem-1.6.0-src,mod.c.obj,3985
teem-1.6.0-src,model.c.obj,1156
teem-1.6.0-src,mop.c.obj,1623
teem-1.6.0-src,obj.c.obj,1196
teem-1.6.0-src,objmethods.c.obj,1416
teem-1.6.0-src,opac.c.obj,588
teem-1.6.0-src,pad.c.obj,2234
teem-1.6.0-src,parseAir.c.obj,2571
teem-1.6.0-src,parseHest.c.obj,16327
teem-1.6.0-src,parseNrrd.c.obj,8828
teem-1.6.0-src,permute.c.obj,1307
teem-1.6.0-src,pos.c.obj,684
teem-1.6.0-src,print.c.obj,7805
teem-1.6.0-src,project.c.obj,2174
teem-1.6.0-src,pvl.c.obj,2013
teem-1.6.0-src,qn.c.obj,2127
teem-1.6.0-src,quadvol.c.obj,1743
teem-1.6.0-src,quantize.c.obj,1914
teem-1.6.0-src,quat.c.obj,7717
teem-1.6.0-src,rangeBane.c.obj,871
teem-1.6.0-src,range.c.obj,864
teem-1.6.0-src,ray.c.obj,2595
teem-1.6.0-src,rays.c.obj,2801
teem-1.6.0-src,read.c.obj,4117
teem-1.6.0-src,renderEcho.c.obj,5085
teem-1.6.0-src,renderLimn.c.obj,3774
teem-1.6.0-src,renderMite.c.obj,1456
teem-1.6.0-src,reorder.c.obj,14072
teem-1.6.0-src,resample.c.obj,3784
teem-1.6.0-src,resampleNrrd.c.obj,7755
teem-1.6.0-src,reshape.c.obj,1225
teem-1.6.0-src,rmap.c.obj,2863
teem-1.6.0-src,sampler.c.obj,3058
teem-1.6.0-src,sane.c.obj,3183
teem-1.6.0-src,save.c.obj,3169
teem-1.6.0-src,scat.c.obj,964
teem-1.6.0-src,sclanswer.c.obj,4275
teem-1.6.0-src,scl.c.obj,0
teem-1.6.0-src,sclfilter.c.obj,5971
teem-1.6.0-src,sclprint.c.obj,901
teem-1.6.0-src,set.c.obj,716
teem-1.6.0-src,shape.c.obj,3304
teem-1.6.0-src,shapes.c.obj,4332
teem-1.6.0-src,shuffle.c.obj,2172
teem-1.6.0-src,sigma.c.obj,204
teem-1.6.0-src,simple.c.obj,6273
teem-1.6.0-src,slice.c.obj,1604
teem-1.6.0-src,soid.c.obj,3761
teem-1.6.0-src,sort3.c.obj,694
teem-1.6.0-src,splice.c.obj,1761
teem-1.6.0-src,splineEval.c.obj,4437
teem-1.6.0-src,splineMethods.c.obj,5825
teem-1.6.0-src,splineMisc.c.obj,3158
teem-1.6.0-src,sqd.c.obj,4599
teem-1.6.0-src,st.c.obj,3964
teem-1.6.0-src,string.c.obj,2000
teem-1.6.0-src,strings.c.obj,1260
teem-1.6.0-src,stub.c.obj,104
teem-1.6.0-src,subset.c.obj,4055
teem-1.6.0-src,superset.c.obj,6774
teem-1.6.0-src,swap.c.obj,1103
teem-1.6.0-src,tbc.c.obj,2136
teem-1.6.0-src,tblah.c.obj,1179
teem-1.6.0-src,tcamanim.c.obj,4012
teem-1.6.0-src,tcam.c.obj,1246
teem-1.6.0-src,tem.c.obj,1183
teem-1.6.0-src,tendAnhist.c.obj,1508
teem-1.6.0-src,tendAnplot.c.obj,1981
teem-1.6.0-src,tendAnscale.c.obj,1744
teem-1.6.0-src,tendAnvol.c.obj,1836
teem-1.6.0-src,tendBmat.c.obj,1623
teem-1.6.0-src,tendEllipse.c.obj,2828
teem-1.6.0-src,tendEpireg.c.obj,5217
teem-1.6.0-src,tendEstim.c.obj,4464
teem-1.6.0-src,tendEvaladd.c.obj,1290
teem-1.6.0-src,tendEvalclamp.c.obj,1616
teem-1.6.0-src,tendEval.c.obj,2331
teem-1.6.0-src,tendEvalpow.c.obj,1207
teem-1.6.0-src,tendEvec.c.obj,2364
teem-1.6.0-src,tendEvecrgb.c.obj,2323
teem-1.6.0-src,tendEvq.c.obj,2560
teem-1.6.0-src,tendExpand.c.obj,1787
teem-1.6.0-src,tendFiber.c.obj,3079
teem-1.6.0-src,tendFlotsam.c.obj,1791
teem-1.6.0-src,tendGlyph.c.obj,7899
teem-1.6.0-src,tendMake.c.obj,1256
teem-1.6.0-src,tendNorm.c.obj,1660
teem-1.6.0-src,tendPoint.c.obj,1822
teem-1.6.0-src,tendSatin.c.obj,5198
teem-1.6.0-src,tendShrink.c.obj,1240
teem-1.6.0-src,tendSim.c.obj,1720
teem-1.6.0-src,tendSlice.c.obj,1383
teem-1.6.0-src,tendSten.c.obj,1709
teem-1.6.0-src,tenGage.c.obj,3013
teem-1.6.0-src,tensor.c.obj,6417
teem-1.6.0-src,test.c.obj,994
teem-1.6.0-src,tg.c.obj,1874
teem-1.6.0-src,threadAir.c.obj,1395
teem-1.6.0-src,thread.c.obj,328
teem-1.6.0-src,tinfo.c.obj,635
teem-1.6.0-src,tkernel.c.obj,1899
teem-1.6.0-src,tline.c.obj,452
teem-1.6.0-src,tmfKernel.c.obj,80317
teem-1.6.0-src,tmop.c.obj,791
teem-1.6.0-src,tok.c.obj,368
teem-1.6.0-src,tps.c.obj,2688
teem-1.6.0-src,tq.c.obj,3621
teem-1.6.0-src,trand.c.obj,205
teem-1.6.0-src,transform.c.obj,2250
teem-1.6.0-src,tread.c.obj,356
teem-1.6.0-src,trend.c.obj,7657
teem-1.6.0-src,trex.c.obj,426
teem-1.6.0-src,trnsf.c.obj,6101
teem-1.6.0-src,tspline.c.obj,2463
teem-1.6.0-src,tspot.c.obj,1131
teem-1.6.0-src,tt.c.obj,2036
teem-1.6.0-src,txf.c.obj,4970
teem-1.6.0-src,typestest.c.obj,461
teem-1.6.0-src,unblock.c.obj,1415
teem-1.6.0-src,unquantize.c.obj,1410
teem-1.6.0-src,update.c.obj,6627
teem-1.6.0-src,usage.c.obj,4694
teem-1.6.0-src,user.c.obj,1110
teem-1.6.0-src,valid.c.obj,2863
teem-1.6.0-src,vecEll.c.obj,916
teem-1.6.0-src,vecGage.c.obj,2719
teem-1.6.0-src,vecprint.c.obj,60
teem-1.6.0-src,winKernel.c.obj,12196
teem-1.6.0-src,write.c.obj,5967
teem-1.6.0-src,xform.c.obj,3000
ttt-0.10.1.preproc,connect4.o,7984
ttt-0.10.1.preproc,engine.o,4116
ttt-0.10.1.preproc,main.o,1968
ttt-0.10.1.preproc,parse.o,2457
ttt-0.10.1.preproc,ttt.o,10893
ttt-0.10.1.preproc,util.o,2620
