Compiler version,riscv32-unknown-elf-gcc (GCC) 10.1.0
Compiler flags,-O2 -march=rv32imafdc

Date,2020-08-08

OpenTCP-1.0.4,arp.c.obj,2664
OpenTCP-1.0.4,bootp.c.obj,1600
OpenTCP-1.0.4,dhcpc.c.obj,3488
OpenTCP-1.0.4,dns.c.obj,1572
OpenTCP-1.0.4,ethernet.c.obj,1124
OpenTCP-1.0.4,https_callbacks.c.obj,712
OpenTCP-1.0.4,http_server.c.obj,1826
OpenTCP-1.0.4,icmp.c.obj,412
OpenTCP-1.0.4,ip.c.obj,3628
OpenTCP-1.0.4,main_demo.c.obj,340
OpenTCP-1.0.4,pop3c_callbacks.c.obj,18
OpenTCP-1.0.4,pop3_client.c.obj,4987
OpenTCP-1.0.4,smtpc_callbacks.c.obj,22
OpenTCP-1.0.4,smtp_client.c.obj,3400
OpenTCP-1.0.4,system.c.obj,918
OpenTCP-1.0.4,tcp_client_demo.c.obj,522
OpenTCP-1.0.4,tcp.c.obj,6546
OpenTCP-1.0.4,tcp_server_demo.c.obj,470
OpenTCP-1.0.4,tftps.c.obj,992
OpenTCP-1.0.4,timers.c.obj,244
OpenTCP-1.0.4,udp.c.obj,1548
OpenTCP-1.0.4,udp_demo.c.obj,330
mpeg2dec-0.3.1,alloc.c.obj,116
mpeg2dec-0.3.1,cpu_accel.c.obj,4
mpeg2dec-0.3.1,cpu_state.c.obj,2
mpeg2dec-0.3.1,decode.c.obj,2502
mpeg2dec-0.3.1,extract_mpeg2.c.obj,3819
mpeg2dec-0.3.1,getopt.c.obj,3076
mpeg2dec-0.3.1,gettimeofday.c.obj,0
mpeg2dec-0.3.1,header.c.obj,3740
mpeg2dec-0.3.1,idct_alpha.c.obj,0
mpeg2dec-0.3.1,idct_altivec.c.obj,0
mpeg2dec-0.3.1,idct.c.obj,1814
mpeg2dec-0.3.1,idct_mlib.c.obj,0
mpeg2dec-0.3.1,idct_mmx.c.obj,0
mpeg2dec-0.3.1,motion_comp_alpha.c.obj,0
mpeg2dec-0.3.1,motion_comp_altivec.c.obj,0
mpeg2dec-0.3.1,motion_comp.c.obj,4882
mpeg2dec-0.3.1,motion_comp_mlib.c.obj,0
mpeg2dec-0.3.1,motion_comp_mmx.c.obj,0
mpeg2dec-0.3.1,mpeg2dec.c.obj,5179
mpeg2dec-0.3.1,slice.c.obj,22226
mpeg2dec-0.3.1,video_out.c.obj,78
mpeg2dec-0.3.1,video_out_dx.c.obj,0
mpeg2dec-0.3.1,video_out_null.c.obj,342
mpeg2dec-0.3.1,video_out_pgm.c.obj,741
mpeg2dec-0.3.1,video_out_sdl.c.obj,841
mpeg2dec-0.3.1,video_out_x11.c.obj,0
mpeg2dec-0.3.1,yuv2rgb.c.obj,5350
mpeg2dec-0.3.1,yuv2rgb_mlib.c.obj,0
mpeg2dec-0.3.1,yuv2rgb_mmx.c.obj,0
jikespg-1.3,ctabs.c.obj,52709
jikespg-1.3,globals.c.obj,48
jikespg-1.3,lpgparse.c.obj,54733
jikespg-1.3,lpgutil.c.obj,5442
jikespg-1.3,main.c.obj,6450
jikespg-1.3,mkfirst.c.obj,16509
jikespg-1.3,mkred.c.obj,6975
jikespg-1.3,mkstates.c.obj,3113
jikespg-1.3,partset.c.obj,1747
jikespg-1.3,prntstat.c.obj,3601
jikespg-1.3,produce.c.obj,11958
jikespg-1.3,ptables.c.obj,3368
jikespg-1.3,remsp.c.obj,8083
jikespg-1.3,resolve.c.obj,12692
jikespg-1.3,spacetab.c.obj,21177
jikespg-1.3,tabutil.c.obj,14716
jikespg-1.3,timetab.c.obj,10146
libpng-1.2.5,png2pnm.c.obj,2992
libpng-1.2.5,png.c.obj,2940
libpng-1.2.5,pngerror.c.obj,1080
libpng-1.2.5,pngget.c.obj,2008
libpng-1.2.5,pngmem.c.obj,644
libpng-1.2.5,pngpread.c.obj,7276
libpng-1.2.5,pngread.c.obj,9154
libpng-1.2.5,pngrio.c.obj,336
libpng-1.2.5,pngrtran.c.obj,18734
libpng-1.2.5,pngrutil.c.obj,17865
libpng-1.2.5,pngset.c.obj,5948
libpng-1.2.5,pngtest.c.obj,6733
libpng-1.2.5,pngtrans.c.obj,1312
libpng-1.2.5,pngwio.c.obj,371
libpng-1.2.5,pngwrite.c.obj,6984
libpng-1.2.5,pngwtran.c.obj,1800
libpng-1.2.5,pngwutil.c.obj,15204
libpng-1.2.5,pnm2png.c.obj,3436
compiler,cg.c.obj,3894
compiler,main.c.obj,3424
compiler,parser.c.obj,5218
compiler,scanner.c.obj,3871
compiler,vam.c.obj,6408
compiler,vas.c.obj,7270
zlib-1.1.4,adler32.c.obj,330
zlib-1.1.4,compress.c.obj,294
zlib-1.1.4,crc32.c.obj,1318
zlib-1.1.4,deflate.c.obj,5451
zlib-1.1.4,example.c.obj,5048
zlib-1.1.4,gzio.c.obj,3801
zlib-1.1.4,infblock.c.obj,2754
zlib-1.1.4,infcodes.c.obj,1648
zlib-1.1.4,inffast.c.obj,994
zlib-1.1.4,inflate.c.obj,1723
zlib-1.1.4,inftrees.c.obj,2360
zlib-1.1.4,infutil.c.obj,290
zlib-1.1.4,minigzip.c.obj,1461
zlib-1.1.4,trees.c.obj,9056
zlib-1.1.4,uncompr.c.obj,144
zlib-1.1.4,zutil.c.obj,189
mpgcut-1.1,mpgcut.c.obj,20600
libmspack,cabc.c.obj,6
libmspack,cabd.c.obj,5757
libmspack,cabd_md5.c.obj,1208
libmspack,cabd_test.c.obj,10141
libmspack,cabextract_md5.c.obj,24376
libmspack,cabrip.c.obj,493
libmspack,chmc.c.obj,6
libmspack,chmd.c.obj,3380
libmspack,chmd_md5.c.obj,1224
libmspack,hlpc.c.obj,6
libmspack,hlpd.c.obj,6
libmspack,kwajc.c.obj,6
libmspack,kwajd.c.obj,6
libmspack,litc.c.obj,6
libmspack,litd.c.obj,6
libmspack,lzxc.c.obj,0
libmspack,lzxd.c.obj,5718
libmspack,md5.c.obj,3722
libmspack,mszipc.c.obj,0
libmspack,mszipd.c.obj,18
libmspack,qtmc.c.obj,0
libmspack,qtmd.c.obj,5676
libmspack,system.c.obj,633
libmspack,szddc.c.obj,6
libmspack,szddd.c.obj,6
lwip-0.5.3.preproc,api_lib.o,5283
lwip-0.5.3.preproc,api_msg.o,4552
lwip-0.5.3.preproc,arp.o,2464
lwip-0.5.3.preproc,err.o,32
lwip-0.5.3.preproc,fs.o,39901
lwip-0.5.3.preproc,httpd.o,1698
lwip-0.5.3.preproc,icmp.o,1653
lwip-0.5.3.preproc,inet.o,985
lwip-0.5.3.preproc,ip_addr.o,32
lwip-0.5.3.preproc,ip.o,3045
lwip-0.5.3.preproc,loopif.o,356
lwip-0.5.3.preproc,mem.o,2270
lwip-0.5.3.preproc,memp.o,2407
lwip-0.5.3.preproc,netif.o,858
lwip-0.5.3.preproc,pbuf.o,3470
lwip-0.5.3.preproc,shell.o,13864
lwip-0.5.3.preproc,simhost.o,794
lwip-0.5.3.preproc,simnode.o,727
lwip-0.5.3.preproc,simrouter.o,922
lwip-0.5.3.preproc,sockets.o,2796
lwip-0.5.3.preproc,stats.o,116
lwip-0.5.3.preproc,sys.o,1088
lwip-0.5.3.preproc,tcpdump.o,2052
lwip-0.5.3.preproc,tcpecho.o,374
lwip-0.5.3.preproc,tcp_input.o,10879
lwip-0.5.3.preproc,tcpip.o,764
lwip-0.5.3.preproc,tcp.o,6888
lwip-0.5.3.preproc,tcp_output.o,5726
lwip-0.5.3.preproc,udpecho.o,447
lwip-0.5.3.preproc,udp.o,2661
replaypc-0.4.0.preproc,addressbook.o,1240
replaypc-0.4.0.preproc,bigfile.o,732
replaypc-0.4.0.preproc,build-ndx.o,1062
replaypc-0.4.0.preproc,cg.o,3718
replaypc-0.4.0.preproc,channelset.o,428
replaypc-0.4.0.preproc,crypt.o,1515
replaypc-0.4.0.preproc,crypt-test.o,1991
replaypc-0.4.0.preproc,dump-addressbook.o,840
replaypc-0.4.0.preproc,dump-cg2.o,786
replaypc-0.4.0.preproc,dump-channelset.o,672
replaypc-0.4.0.preproc,dump-filedarray.o,885
replaypc-0.4.0.preproc,dump-guide.o,1023
replaypc-0.4.0.preproc,dump-headend.o,643
replaypc-0.4.0.preproc,dump.o,2786
replaypc-0.4.0.preproc,dump-programset.o,1065
replaypc-0.4.0.preproc,dump-replaychannels.o,579
replaypc-0.4.0.preproc,dump-replayshows.o,572
replaypc-0.4.0.preproc,dump-zipcode2.o,572
replaypc-0.4.0.preproc,filedarray.o,472
replaypc-0.4.0.preproc,find-GOPs.o,588
replaypc-0.4.0.preproc,guideclient.o,1250
replaypc-0.4.0.preproc,guide.o,10492
replaypc-0.4.0.preproc,headend.o,1450
replaypc-0.4.0.preproc,httpclient.o,4741
replaypc-0.4.0.preproc,httpfsclient.o,4014
replaypc-0.4.0.preproc,httpfs.o,9758
replaypc-0.4.0.preproc,mark-commercial.o,2802
replaypc-0.4.0.preproc,ndx-dump.o,5790
replaypc-0.4.0.preproc,ndx.o,949
replaypc-0.4.0.preproc,program.o,3049
replaypc-0.4.0.preproc,rddnsclient.o,1977
replaypc-0.4.0.preproc,rddns.o,1014
replaypc-0.4.0.preproc,ReplayPC.o,6312
replaypc-0.4.0.preproc,rtvguide.o,2115
replaypc-0.4.0.preproc,rtv.o,1887
replaypc-0.4.0.preproc,sleep.o,126
replaypc-0.4.0.preproc,un-protect.o,1753
replaypc-0.4.0.preproc,version-test.o,321
replaypc-0.4.0.preproc,zipcode.o,663
cg_compiler_opensrc,atom.c.obj,3696
cg_compiler_opensrc,binding.c.obj,2129
cg_compiler_opensrc,cgcmain.c.obj,2401
cg_compiler_opensrc,cgstruct.c.obj,130
cg_compiler_opensrc,check.c.obj,3419
cg_compiler_opensrc,compile.c.obj,15591
cg_compiler_opensrc,constfold.c.obj,3316
cg_compiler_opensrc,cpp.c.obj,6737
cg_compiler_opensrc,generic_hal.c.obj,1739
cg_compiler_opensrc,hal.c.obj,2998
cg_compiler_opensrc,inline.c.obj,2956
cg_compiler_opensrc,memory.c.obj,586
cg_compiler_opensrc,parser.c.obj,16158
cg_compiler_opensrc,printutils.c.obj,14132
cg_compiler_opensrc,scanner.c.obj,6792
cg_compiler_opensrc,semantic.c.obj,4512
cg_compiler_opensrc,stdlib.c.obj,10
cg_compiler_opensrc,support.c.obj,24929
cg_compiler_opensrc,support_iter.c.obj,2091
cg_compiler_opensrc,symbols.c.obj,8821
cg_compiler_opensrc,tokenize.c.obj,707
cg_compiler_opensrc,tokens.c.obj,3796
flex-2.5.31,buf.c.obj,1238
flex-2.5.31,ccl.c.obj,942
flex-2.5.31,dfa.c.obj,7400
flex-2.5.31,ecs.c.obj,592
flex-2.5.31,filter.c.obj,2541
flex-2.5.31,gen.c.obj,38741
flex-2.5.31,libmain.c.obj,20
flex-2.5.31,libyywrap.c.obj,4
flex-2.5.31,main.c.obj,19461
flex-2.5.31,misc.c.obj,7111
flex-2.5.31,nfa.c.obj,4447
flex-2.5.31,options.c.obj,1387
flex-2.5.31,parse.c.obj,12572
flex-2.5.31,regex.c.obj,649
flex-2.5.31,scan.c.obj,46547
flex-2.5.31,scanopt.c.obj,3372
flex-2.5.31,skel.c.obj,82419
flex-2.5.31,sym.c.obj,1042
flex-2.5.31,tables.c.obj,2630
flex-2.5.31,tables_shared.c.obj,30
flex-2.5.31,tblcmp.c.obj,4330
flex-2.5.31,yylex.c.obj,1497
unrarlib-0.4.0,getfile.c.obj,848
unrarlib-0.4.0,listarchive.c.obj,1122
unrarlib-0.4.0,unrarlib.c.obj,13760
jpeg-6b,ansi2knr.c.obj,4060
jpeg-6b,cdjpeg.c.obj,108
jpeg-6b,cjpeg.c.obj,5887
jpeg-6b,ckconfig.c.obj,2490
jpeg-6b,djpeg.c.obj,6515
jpeg-6b,jcapimin.c.obj,756
jpeg-6b,jcapistd.c.obj,458
jpeg-6b,jccoefct.c.obj,1770
jpeg-6b,jccolor.c.obj,1524
jpeg-6b,jcdctmgr.c.obj,1590
jpeg-6b,jchuff.c.obj,4596
jpeg-6b,jcinit.c.obj,188
jpeg-6b,jcmainct.c.obj,374
jpeg-6b,jcmarker.c.obj,2628
jpeg-6b,jcmaster.c.obj,2646
jpeg-6b,jcomapi.c.obj,140
jpeg-6b,jcparam.c.obj,3411
jpeg-6b,jcphuff.c.obj,5720
jpeg-6b,jcprepct.c.obj,1386
jpeg-6b,jcsample.c.obj,2222
jpeg-6b,jctrans.c.obj,1358
jpeg-6b,jdapimin.c.obj,1066
jpeg-6b,jdapistd.c.obj,932
jpeg-6b,jdatadst.c.obj,298
jpeg-6b,jdatasrc.c.obj,328
jpeg-6b,jdcoefct.c.obj,3098
jpeg-6b,jdcolor.c.obj,1248
jpeg-6b,jddctmgr.c.obj,824
jpeg-6b,jdhuff.c.obj,2674
jpeg-6b,jdinput.c.obj,1232
jpeg-6b,jdmainct.c.obj,1416
jpeg-6b,jdmarker.c.obj,6364
jpeg-6b,jdmaster.c.obj,1622
jpeg-6b,jdmerge.c.obj,1426
jpeg-6b,jdphuff.c.obj,2940
jpeg-6b,jdpostct.c.obj,786
jpeg-6b,jdsample.c.obj,1584
jpeg-6b,jdtrans.c.obj,322
jpeg-6b,jerror.c.obj,5677
jpeg-6b,jfdctflt.c.obj,438
jpeg-6b,jfdctfst.c.obj,452
jpeg-6b,jfdctint.c.obj,732
jpeg-6b,jidctflt.c.obj,810
jpeg-6b,jidctfst.c.obj,870
jpeg-6b,jidctint.c.obj,1152
jpeg-6b,jidctred.c.obj,1160
jpeg-6b,jmemmgr.c.obj,3418
jpeg-6b,jmemnobs.c.obj,62
jpeg-6b,jpegtran.c.obj,4207
jpeg-6b,jquant1.c.obj,2748
jpeg-6b,jquant2.c.obj,3956
jpeg-6b,jutils.c.obj,442
jpeg-6b,rdbmp.c.obj,2060
jpeg-6b,rdcolmap.c.obj,1108
jpeg-6b,rdgif.c.obj,99
jpeg-6b,rdjpgcom.c.obj,2817
jpeg-6b,rdppm.c.obj,1730
jpeg-6b,rdrle.c.obj,0
jpeg-6b,rdswitch.c.obj,2528
jpeg-6b,rdtarga.c.obj,1778
jpeg-6b,transupp.c.obj,4176
jpeg-6b,wrbmp.c.obj,1702
jpeg-6b,wrgif.c.obj,1458
jpeg-6b,wrjpgcom.c.obj,3399
jpeg-6b,wrppm.c.obj,593
jpeg-6b,wrrle.c.obj,0
jpeg-6b,wrtarga.c.obj,812
bzip2-1.0.2,blocksort.c.obj,6302
bzip2-1.0.2,bzip2.c.obj,19155
bzip2-1.0.2,bzip2recover.c.obj,4020
bzip2-1.0.2,bzlib.c.obj,10498
bzip2-1.0.2,compress.c.obj,14438
bzip2-1.0.2,crctable.c.obj,0
bzip2-1.0.2,decompress.c.obj,8079
bzip2-1.0.2,huffman.c.obj,1416
bzip2-1.0.2,randtable.c.obj,0
teem-1.6.0-src,1op.c.obj,1854
teem-1.6.0-src,2op.c.obj,2378
teem-1.6.0-src,3op.c.obj,2511
teem-1.6.0-src,754.c.obj,1913
teem-1.6.0-src,about.c.obj,3203
teem-1.6.0-src,accessors.c.obj,5588
teem-1.6.0-src,aniso.c.obj,3270
teem-1.6.0-src,apply1D.c.obj,8092
teem-1.6.0-src,arith.c.obj,5801
teem-1.6.0-src,array.c.obj,586
teem-1.6.0-src,arraysNrrd.c.obj,0
teem-1.6.0-src,ax.c.obj,2667
teem-1.6.0-src,axdelete.c.obj,1601
teem-1.6.0-src,axinfo.c.obj,1580
teem-1.6.0-src,axinsert.c.obj,1271
teem-1.6.0-src,axis.c.obj,2404
teem-1.6.0-src,axmerge.c.obj,1519
teem-1.6.0-src,axsplit.c.obj,1275
teem-1.6.0-src,bday.c.obj,1131
teem-1.6.0-src,biff.c.obj,3098
teem-1.6.0-src,bimod.c.obj,5147
teem-1.6.0-src,block.c.obj,1245
teem-1.6.0-src,bounds.c.obj,2967
teem-1.6.0-src,bow.c.obj,677
teem-1.6.0-src,cam.c.obj,3447
teem-1.6.0-src,ccadj.c.obj,1309
teem-1.6.0-src,cc.c.obj,11639
teem-1.6.0-src,ccfind.c.obj,1914
teem-1.6.0-src,ccmerge.c.obj,2864
teem-1.6.0-src,ccmethods.c.obj,1435
teem-1.6.0-src,ccsettle.c.obj,1222
teem-1.6.0-src,chan.c.obj,8494
teem-1.6.0-src,clip.c.obj,874
teem-1.6.0-src,cmedian.c.obj,2771
teem-1.6.0-src,color.c.obj,6023
teem-1.6.0-src,comment.c.obj,577
teem-1.6.0-src,conv.c.obj,499
teem-1.6.0-src,convert.c.obj,1292
teem-1.6.0-src,convertDye.c.obj,3081
teem-1.6.0-src,convertNrrd.c.obj,3516
teem-1.6.0-src,convo.c.obj,1994
teem-1.6.0-src,coreAlan.c.obj,3977
teem-1.6.0-src,crop.c.obj,1580
teem-1.6.0-src,ctx.c.obj,5094
teem-1.6.0-src,cubicEll.c.obj,1056
teem-1.6.0-src,data.c.obj,1423
teem-1.6.0-src,defaultsBane.c.obj,5
teem-1.6.0-src,defaultsGage.c.obj,5
teem-1.6.0-src,defaultsHest.c.obj,0
teem-1.6.0-src,defaultsHoover.c.obj,7
teem-1.6.0-src,defaultsLimn.c.obj,5
teem-1.6.0-src,defaultsMite.c.obj,5
teem-1.6.0-src,defaultsMoss.c.obj,5
teem-1.6.0-src,defaultsNrrd.c.obj,728
teem-1.6.0-src,defaultsTen.c.obj,16
teem-1.6.0-src,dehex.c.obj,954
teem-1.6.0-src,dhisto.c.obj,1476
teem-1.6.0-src,dice.c.obj,2242
teem-1.6.0-src,dio.c.obj,1862
teem-1.6.0-src,doubleprint.c.obj,711
teem-1.6.0-src,eigen.c.obj,2366
teem-1.6.0-src,encodingAscii.c.obj,1827
teem-1.6.0-src,encodingBzip2.c.obj,587
teem-1.6.0-src,encoding.c.obj,685
teem-1.6.0-src,encodingGzip.c.obj,658
teem-1.6.0-src,encodingHex.c.obj,1749
teem-1.6.0-src,encodingRaw.c.obj,2317
teem-1.6.0-src,endianAir.c.obj,4
teem-1.6.0-src,endianNrrd.c.obj,507
teem-1.6.0-src,enhex.c.obj,861
teem-1.6.0-src,enum.c.obj,1156
teem-1.6.0-src,enumsAlan.c.obj,0
teem-1.6.0-src,enumsEcho.c.obj,0
teem-1.6.0-src,enumsNrrd.c.obj,0
teem-1.6.0-src,enumsTen.c.obj,0
teem-1.6.0-src,env.c.obj,1168
teem-1.6.0-src,epireg.c.obj,14361
teem-1.6.0-src,ex0.c.obj,498
teem-1.6.0-src,ex1.c.obj,1414
teem-1.6.0-src,ex2.c.obj,1116
teem-1.6.0-src,ex3.c.obj,1810
teem-1.6.0-src,ex4.c.obj,1185
teem-1.6.0-src,ex5.c.obj,914
teem-1.6.0-src,fiber.c.obj,3284
teem-1.6.0-src,fiberMethods.c.obj,3053
teem-1.6.0-src,filt.c.obj,5642
teem-1.6.0-src,filter.c.obj,3020
teem-1.6.0-src,flip.c.obj,959
teem-1.6.0-src,floatprint.c.obj,715
teem-1.6.0-src,flotsam.c.obj,3211
teem-1.6.0-src,format.c.obj,745
teem-1.6.0-src,formatEPS.c.obj,2803
teem-1.6.0-src,formatNRRD.c.obj,4387
teem-1.6.0-src,formatPNG.c.obj,817
teem-1.6.0-src,formatPNM.c.obj,3471
teem-1.6.0-src,formatText.c.obj,3201
teem-1.6.0-src,formatVTK.c.obj,6357
teem-1.6.0-src,fp.c.obj,1878
teem-1.6.0-src,gamma.c.obj,1494
teem-1.6.0-src,genmat.c.obj,3264
teem-1.6.0-src,genvol.c.obj,2011
teem-1.6.0-src,gkmsFlotsam.c.obj,2443
teem-1.6.0-src,gkmsHvol.c.obj,3004
teem-1.6.0-src,gkmsInfo.c.obj,1463
teem-1.6.0-src,gkmsMite.c.obj,1301
teem-1.6.0-src,gkmsOpac.c.obj,3434
teem-1.6.0-src,gkmsPvg.c.obj,2726
teem-1.6.0-src,gkmsScat.c.obj,1739
teem-1.6.0-src,gkmsTxf.c.obj,2925
teem-1.6.0-src,glyph.c.obj,4922
teem-1.6.0-src,gzio.c.obj,0
teem-1.6.0-src,head.c.obj,1640
teem-1.6.0-src,heq.c.obj,2253
teem-1.6.0-src,hestLimn.c.obj,1094
teem-1.6.0-src,hestMoss.c.obj,1249
teem-1.6.0-src,hestNrrd.c.obj,1339
teem-1.6.0-src,histax.c.obj,1495
teem-1.6.0-src,histo.c.obj,1665
teem-1.6.0-src,histogram.c.obj,6617
teem-1.6.0-src,hvol.c.obj,6854
teem-1.6.0-src,imap.c.obj,2692
teem-1.6.0-src,inc.c.obj,2815
teem-1.6.0-src,inset.c.obj,1559
teem-1.6.0-src,intx.c.obj,7399
teem-1.6.0-src,invert.c.obj,357
teem-1.6.0-src,io.c.obj,454
teem-1.6.0-src,iter.c.obj,731
teem-1.6.0-src,jhisto.c.obj,2821
teem-1.6.0-src,join.c.obj,1621
teem-1.6.0-src,kernel.c.obj,15222
teem-1.6.0-src,keyvalue.c.obj,1107
teem-1.6.0-src,kv.c.obj,449
teem-1.6.0-src,light.c.obj,642
teem-1.6.0-src,lightEcho.c.obj,475
teem-1.6.0-src,list.c.obj,1388
teem-1.6.0-src,lut.c.obj,2219
teem-1.6.0-src,make.c.obj,7229
teem-1.6.0-src,map.c.obj,5108
teem-1.6.0-src,mat.c.obj,8190
teem-1.6.0-src,matter.c.obj,272
teem-1.6.0-src,measr.c.obj,278
teem-1.6.0-src,measure.c.obj,7964
teem-1.6.0-src,methodsAlan.c.obj,2489
teem-1.6.0-src,methodsBane.c.obj,636
teem-1.6.0-src,methodsDye.c.obj,1272
teem-1.6.0-src,methodsEcho.c.obj,713
teem-1.6.0-src,methodsHest.c.obj,2962
teem-1.6.0-src,methodsHoover.c.obj,1737
teem-1.6.0-src,methodsLimn.c.obj,364
teem-1.6.0-src,methodsMoss.c.obj,1265
teem-1.6.0-src,methodsNrrd.c.obj,4881
teem-1.6.0-src,minmax.c.obj,1308
teem-1.6.0-src,miscAir.c.obj,3959
teem-1.6.0-src,miscEll.c.obj,1056
teem-1.6.0-src,miscGage.c.obj,708
teem-1.6.0-src,miscTen.c.obj,3775
teem-1.6.0-src,mod.c.obj,3079
teem-1.6.0-src,model.c.obj,836
teem-1.6.0-src,mop.c.obj,1314
teem-1.6.0-src,obj.c.obj,974
teem-1.6.0-src,objmethods.c.obj,1606
teem-1.6.0-src,opac.c.obj,572
teem-1.6.0-src,pad.c.obj,1958
teem-1.6.0-src,parseAir.c.obj,1701
teem-1.6.0-src,parseHest.c.obj,14367
teem-1.6.0-src,parseNrrd.c.obj,8094
teem-1.6.0-src,permute.c.obj,1175
teem-1.6.0-src,pos.c.obj,692
teem-1.6.0-src,print.c.obj,7669
teem-1.6.0-src,project.c.obj,2048
teem-1.6.0-src,pvl.c.obj,1827
teem-1.6.0-src,qn.c.obj,2229
teem-1.6.0-src,quadvol.c.obj,1589
teem-1.6.0-src,quantize.c.obj,1780
teem-1.6.0-src,quat.c.obj,8045
teem-1.6.0-src,rangeBane.c.obj,930
teem-1.6.0-src,range.c.obj,678
teem-1.6.0-src,ray.c.obj,2677
teem-1.6.0-src,rays.c.obj,2437
teem-1.6.0-src,read.c.obj,3245
teem-1.6.0-src,renderEcho.c.obj,4475
teem-1.6.0-src,renderLimn.c.obj,3608
teem-1.6.0-src,renderMite.c.obj,1314
teem-1.6.0-src,reorder.c.obj,10432
teem-1.6.0-src,resample.c.obj,3590
teem-1.6.0-src,resampleNrrd.c.obj,6591
teem-1.6.0-src,reshape.c.obj,1129
teem-1.6.0-src,rmap.c.obj,2659
teem-1.6.0-src,sampler.c.obj,2522
teem-1.6.0-src,sane.c.obj,3137
teem-1.6.0-src,save.c.obj,3283
teem-1.6.0-src,scat.c.obj,856
teem-1.6.0-src,sclanswer.c.obj,4163
teem-1.6.0-src,scl.c.obj,0
teem-1.6.0-src,sclfilter.c.obj,5527
teem-1.6.0-src,sclprint.c.obj,943
teem-1.6.0-src,set.c.obj,804
teem-1.6.0-src,shape.c.obj,2842
teem-1.6.0-src,shapes.c.obj,3808
teem-1.6.0-src,shuffle.c.obj,1870
teem-1.6.0-src,sigma.c.obj,214
teem-1.6.0-src,simple.c.obj,5291
teem-1.6.0-src,slice.c.obj,1422
teem-1.6.0-src,soid.c.obj,3551
teem-1.6.0-src,sort3.c.obj,658
teem-1.6.0-src,splice.c.obj,1567
teem-1.6.0-src,splineEval.c.obj,4295
teem-1.6.0-src,splineMethods.c.obj,5229
teem-1.6.0-src,splineMisc.c.obj,2782
teem-1.6.0-src,sqd.c.obj,4607
teem-1.6.0-src,st.c.obj,3102
teem-1.6.0-src,string.c.obj,1372
teem-1.6.0-src,strings.c.obj,1312
teem-1.6.0-src,stub.c.obj,50
teem-1.6.0-src,subset.c.obj,2953
teem-1.6.0-src,superset.c.obj,5882
teem-1.6.0-src,swap.c.obj,997
teem-1.6.0-src,tbc.c.obj,1874
teem-1.6.0-src,tblah.c.obj,1179
teem-1.6.0-src,tcamanim.c.obj,3670
teem-1.6.0-src,tcam.c.obj,1236
teem-1.6.0-src,tem.c.obj,1133
teem-1.6.0-src,tendAnhist.c.obj,1346
teem-1.6.0-src,tendAnplot.c.obj,1825
teem-1.6.0-src,tendAnscale.c.obj,1562
teem-1.6.0-src,tendAnvol.c.obj,1674
teem-1.6.0-src,tendBmat.c.obj,1497
teem-1.6.0-src,tendEllipse.c.obj,2614
teem-1.6.0-src,tendEpireg.c.obj,4757
teem-1.6.0-src,tendEstim.c.obj,4226
teem-1.6.0-src,tendEvaladd.c.obj,1144
teem-1.6.0-src,tendEvalclamp.c.obj,1438
teem-1.6.0-src,tendEval.c.obj,1975
teem-1.6.0-src,tendEvalpow.c.obj,1057
teem-1.6.0-src,tendEvec.c.obj,1996
teem-1.6.0-src,tendEvecrgb.c.obj,2099
teem-1.6.0-src,tendEvq.c.obj,2362
teem-1.6.0-src,tendExpand.c.obj,1621
teem-1.6.0-src,tendFiber.c.obj,2853
teem-1.6.0-src,tendFlotsam.c.obj,1585
teem-1.6.0-src,tendGlyph.c.obj,7209
teem-1.6.0-src,tendMake.c.obj,1126
teem-1.6.0-src,tendNorm.c.obj,1474
teem-1.6.0-src,tendPoint.c.obj,1814
teem-1.6.0-src,tendSatin.c.obj,4928
teem-1.6.0-src,tendShrink.c.obj,1096
teem-1.6.0-src,tendSim.c.obj,1542
teem-1.6.0-src,tendSlice.c.obj,1195
teem-1.6.0-src,tendSten.c.obj,1517
teem-1.6.0-src,tenGage.c.obj,2585
teem-1.6.0-src,tensor.c.obj,5784
teem-1.6.0-src,test.c.obj,1116
teem-1.6.0-src,tg.c.obj,1834
teem-1.6.0-src,threadAir.c.obj,1527
teem-1.6.0-src,thread.c.obj,308
teem-1.6.0-src,tinfo.c.obj,631
teem-1.6.0-src,tkernel.c.obj,1789
teem-1.6.0-src,tline.c.obj,430
teem-1.6.0-src,tmfKernel.c.obj,79005
teem-1.6.0-src,tmop.c.obj,761
teem-1.6.0-src,tok.c.obj,356
teem-1.6.0-src,tps.c.obj,2670
teem-1.6.0-src,tq.c.obj,3929
teem-1.6.0-src,trand.c.obj,205
teem-1.6.0-src,transform.c.obj,2056
teem-1.6.0-src,tread.c.obj,340
teem-1.6.0-src,trend.c.obj,8533
teem-1.6.0-src,trex.c.obj,414
teem-1.6.0-src,trnsf.c.obj,4755
teem-1.6.0-src,tspline.c.obj,2275
teem-1.6.0-src,tspot.c.obj,1181
teem-1.6.0-src,tt.c.obj,1984
teem-1.6.0-src,txf.c.obj,4124
teem-1.6.0-src,typestest.c.obj,479
teem-1.6.0-src,unblock.c.obj,1293
teem-1.6.0-src,unquantize.c.obj,1272
teem-1.6.0-src,update.c.obj,5565
teem-1.6.0-src,usage.c.obj,4264
teem-1.6.0-src,user.c.obj,1006
teem-1.6.0-src,valid.c.obj,2491
teem-1.6.0-src,vecEll.c.obj,652
teem-1.6.0-src,vecGage.c.obj,2543
teem-1.6.0-src,vecprint.c.obj,60
teem-1.6.0-src,winKernel.c.obj,11152
teem-1.6.0-src,write.c.obj,5004
teem-1.6.0-src,xform.c.obj,2904
ttt-0.10.1.preproc,connect4.o,7984
ttt-0.10.1.preproc,engine.o,4116
ttt-0.10.1.preproc,main.o,1968
ttt-0.10.1.preproc,parse.o,2457
ttt-0.10.1.preproc,ttt.o,10893
ttt-0.10.1.preproc,util.o,2620
